County_Index,State_Code,SVI,Metro
1,AL ,Low-Mod,Metro
2,AL ,Low,Metro
3,AL ,High,Non-metro
4,AL ,Mod-High,Metro
5,AL ,Low-Mod,Metro
6,AL ,High,Non-metro
7,AL ,High,Non-metro
8,AL ,High,Metro
9,AL ,Mod-High,Non-metro
10,AL ,Low-Mod,Non-metro
11,AL ,High,Metro
12,AL ,High,Non-metro
13,AL ,High,Non-metro
14,AL ,Mod-High,Non-metro
15,AL ,Mod-High,Non-metro
16,AL ,Mod-High,Non-metro
17,AL ,Low-Mod,Metro
18,AL ,High,Non-metro
19,AL ,Mod-High,Non-metro
20,AL ,High,Non-metro
21,AL ,Mod-High,Non-metro
22,AL ,Mod-High,Non-metro
23,AL ,High,Non-metro
24,AL ,High,Non-metro
25,AL ,High,Non-metro
26,AL ,Mod-High,Metro
27,AL ,High,Non-metro
28,AL ,Mod-High,Metro
29,AL ,Mod-High,Non-metro
30,AL ,High,Non-metro
31,AL ,High,Metro
32,AL ,High,Non-metro
33,AL ,High,Metro
34,AL ,Mod-High,Metro
35,AL ,Mod-High,Metro
36,AL ,Mod-High,Non-metro
37,AL ,Mod-High,Metro
38,AL ,Mod-High,Non-metro
39,AL ,Low-Mod,Metro
40,AL ,Low-Mod,Metro
41,AL ,Mod-High,Metro
42,AL ,Mod-High,Metro
43,AL ,High,Metro
44,AL ,High,Non-metro
45,AL ,Low-Mod,Metro
46,AL ,High,Non-metro
47,AL ,Mod-High,Non-metro
48,AL ,Mod-High,Non-metro
49,AL ,High,Metro
50,AL ,Mod-High,Non-metro
51,AL ,High,Metro
52,AL ,Mod-High,Metro
53,AL ,High,Non-metro
54,AL ,High,Metro
55,AL ,High,Non-metro
56,AL ,Mod-High,Non-metro
57,AL ,High,Metro
58,AL ,Low,Metro
59,AL ,Low-Mod,Metro
60,AL ,High,Non-metro
61,AL ,High,Non-metro
62,AL ,High,Non-metro
63,AL ,Mod-High,Metro
64,AL ,Mod-High,Metro
65,AL ,Mod-High,Non-metro
66,AL ,High,Non-metro
67,AL ,Mod-High,Non-metro
68,AK ,Mod-High,Non-metro
69,AK ,Low-Mod,Non-metro
70,AK ,Low-Mod,Metro
71,AK ,High,Non-metro
72,AK ,Low-Mod,Non-metro
73,AK ,,
74,AK ,,
75,AK ,Low,Non-metro
76,AK ,High,Non-metro
77,AK ,Low-Mod,Metro
78,AK ,Low,Non-metro
79,AK ,Low-Mod,Non-metro
80,AK ,Low-Mod,Non-metro
81,AK ,Low-Mod,Non-metro
82,AK ,Mod-High,Non-metro
83,AK ,Mod-High,Non-metro
84,AK ,High,Non-metro
85,AK ,High,Non-metro
86,AK ,Low-Mod,Metro
87,AK ,High,Non-metro
88,AK ,Mod-High,Non-metro
89,AK ,High,Non-metro
90,AK ,Mod-High,Non-metro
91,AK ,High,Non-metro
92,AK ,Low-Mod,Non-metro
93,AK ,Low,Non-metro
94,AK ,Mod-High,Non-metro
95,AK ,Low-Mod,
96,AK ,Mod-High,Non-metro
97,AK ,Mod-High,Non-metro
98,AK ,High,Non-metro
99,AZ ,High,Non-metro
100,AZ ,High,Metro
101,AZ ,Mod-High,Metro
102,AZ ,High,Non-metro
103,AZ ,High,Non-metro
104,AZ ,Mod-High,Non-metro
105,AZ ,High,Non-metro
106,AZ ,Mod-High,Metro
107,AZ ,High,Metro
108,AZ ,High,Non-metro
109,AZ ,High,Metro
110,AZ ,High,Metro
111,AZ ,High,Non-metro
112,AZ ,Mod-High,Metro
113,AZ ,High,Metro
114,AR ,High,Non-metro
115,AR ,High,Non-metro
116,AR ,Low-Mod,Non-metro
117,AR ,Low-Mod,Metro
118,AR ,Low-Mod,Non-metro
119,AR ,High,Non-metro
120,AR ,Mod-High,Non-metro
121,AR ,Mod-High,Non-metro
122,AR ,High,Non-metro
123,AR ,High,Non-metro
124,AR ,Mod-High,Non-metro
125,AR ,Low,Non-metro
126,AR ,Mod-High,Metro
127,AR ,High,Non-metro
128,AR ,High,Non-metro
129,AR ,High,Metro
130,AR ,Mod-High,Metro
131,AR ,High,Metro
132,AR ,Mod-High,Non-metro
133,AR ,High,Non-metro
134,AR ,High,Non-metro
135,AR ,High,Non-metro
136,AR ,Low-Mod,Metro
137,AR ,Mod-High,Non-metro
138,AR ,Mod-High,Non-metro
139,AR ,High,Metro
140,AR ,Low-Mod,Metro
141,AR ,Mod-High,Non-metro
142,AR ,High,Non-metro
143,AR ,High,Non-metro
144,AR ,High,Non-metro
145,AR ,High,Non-metro
146,AR ,Mod-High,Non-metro
147,AR ,High,Non-metro
148,AR ,High,Metro
149,AR ,High,Non-metro
150,AR ,High,Non-metro
151,AR ,Mod-High,Non-metro
152,AR ,High,Non-metro
153,AR ,High,Metro
154,AR ,Mod-High,Metro
155,AR ,High,Non-metro
156,AR ,Low-Mod,Metro
157,AR ,Mod-High,Metro
158,AR ,Mod-High,Non-metro
159,AR ,High,Metro
160,AR ,High,Non-metro
161,AR ,High,Non-metro
162,AR ,Mod-High,Non-metro
163,AR ,High,Non-metro
164,AR ,Low-Mod,Non-metro
165,AR ,High,Non-metro
166,AR ,Mod-High,Metro
167,AR ,High,Non-metro
168,AR ,Mod-High,Non-metro
169,AR ,High,Metro
170,AR ,High,Non-metro
171,AR ,High,Non-metro
172,AR ,Mod-High,Non-metro
173,AR ,Mod-High,Metro
174,AR ,Mod-High,Non-metro
175,AR ,Low-Mod,Metro
176,AR ,High,Non-metro
177,AR ,Low-Mod,Non-metro
178,AR ,High,Metro
179,AR ,High,Non-metro
180,AR ,Mod-High,Non-metro
181,AR ,High,Non-metro
182,AR ,Mod-High,Non-metro
183,AR ,High,Non-metro
184,AR ,Mod-High,Non-metro
185,AR ,Mod-High,Metro
186,AR ,Mod-High,Non-metro
187,AR ,High,Non-metro
188,AR ,High,Non-metro
189,CA ,Low-Mod,Metro
190,CA ,Mod-High,Non-metro
191,CA ,Mod-High,Non-metro
192,CA ,High,Metro
193,CA ,Low,Non-metro
194,CA ,Mod-High,Non-metro
195,CA ,Low-Mod,Metro
196,CA ,High,Non-metro
197,CA ,Low,Metro
198,CA ,High,Metro
199,CA ,High,Non-metro
200,CA ,High,Non-metro
201,CA ,High,Metro
202,CA ,Mod-High,Non-metro
203,CA ,High,Metro
204,CA ,High,Metro
205,CA ,High,Non-metro
206,CA ,Mod-High,Non-metro
207,CA ,High,Metro
208,CA ,High,Metro
209,CA ,Low-Mod,Metro
210,CA ,Mod-High,Non-metro
211,CA ,High,Non-metro
212,CA ,High,Metro
213,CA ,High,Non-metro
214,CA ,Low,Non-metro
215,CA ,High,Metro
216,CA ,Mod-High,Metro
217,CA ,Low,Non-metro
218,CA ,Low-Mod,Metro
219,CA ,Low,Metro
220,CA ,Low-Mod,Non-metro
221,CA ,High,Metro
222,CA ,Mod-High,Metro
223,CA ,Mod-High,Metro
224,CA ,High,Metro
225,CA ,Mod-High,Metro
226,CA ,Low-Mod,Metro
227,CA ,High,Metro
228,CA ,Low-Mod,Metro
229,CA ,Low-Mod,Metro
230,CA ,Mod-High,Metro
231,CA ,Low-Mod,Metro
232,CA ,Mod-High,Metro
233,CA ,Mod-High,Metro
234,CA ,Low,Non-metro
235,CA ,Mod-High,Non-metro
236,CA ,Mod-High,Metro
237,CA ,Low-Mod,Metro
238,CA ,High,Metro
239,CA ,High,Metro
240,CA ,High,Non-metro
241,CA ,Mod-High,Non-metro
242,CA ,High,Metro
243,CA ,Low-Mod,Non-metro
244,CA ,Low-Mod,Metro
245,CA ,Mod-High,Metro
246,CA ,High,Metro
247,CO ,Mod-High,Metro
248,CO ,High,Non-metro
249,CO ,Low-Mod,Metro
250,CO ,Low-Mod,Non-metro
251,CO ,Mod-High,Non-metro
252,CO ,High,Non-metro
253,CO ,Low,Metro
254,CO ,Low,Metro
255,CO ,Low,Non-metro
256,CO ,Low-Mod,Non-metro
257,CO ,Low,Metro
258,CO ,High,Non-metro
259,CO ,High,Non-metro
260,CO ,High,Non-metro
261,CO ,Low,Non-metro
262,CO ,Mod-High,Non-metro
263,CO ,Low-Mod,Metro
264,CO ,Low,Non-metro
265,CO ,Low,Metro
266,CO ,Low,Non-metro
267,CO ,Low-Mod,Metro
268,CO ,Low,Metro
269,CO ,Mod-High,Non-metro
270,CO ,Low-Mod,Non-metro
271,CO ,Low,Metro
272,CO ,Low,Non-metro
273,CO ,Low,Non-metro
274,CO ,Low,Non-metro
275,CO ,Mod-High,Non-metro
276,CO ,Low,Non-metro
277,CO ,Low,Metro
278,CO ,Low-Mod,Non-metro
279,CO ,Mod-High,Non-metro
280,CO ,Low,Non-metro
281,CO ,Low-Mod,Non-metro
282,CO ,Low,Metro
283,CO ,High,Non-metro
284,CO ,Low-Mod,Non-metro
285,CO ,Mod-High,Non-metro
286,CO ,Mod-High,Metro
287,CO ,Low,Non-metro
288,CO ,Mod-High,Non-metro
289,CO ,Low-Mod,Non-metro
290,CO ,Mod-High,Non-metro
291,CO ,Mod-High,Non-metro
292,CO ,High,Non-metro
293,CO ,Low,Non-metro
294,CO ,Low,Metro
295,CO ,Low-Mod,Non-metro
296,CO ,Low,Non-metro
297,CO ,High,Non-metro
298,CO ,High,Metro
299,CO ,Low-Mod,Non-metro
300,CO ,High,Non-metro
301,CO ,Low,Non-metro
302,CO ,High,Non-metro
303,CO ,Low,Non-metro
304,CO ,Low,Non-metro
305,CO ,Mod-High,Non-metro
306,CO ,Low,Non-metro
307,CO ,Low,Metro
308,CO ,Low-Mod,Non-metro
309,CO ,Low-Mod,Metro
310,CO ,Mod-High,Non-metro
311,CT ,Low-Mod,Metro
312,CT ,Mod-High,Metro
313,CT ,Low,Non-metro
314,CT ,Low,Metro
315,CT ,Mod-High,Metro
316,CT ,Low-Mod,Metro
317,CT ,Low,Metro
318,CT ,Low-Mod,Metro
319,DE ,Mod-High,Metro
320,DE ,Low-Mod,Metro
321,DE ,Low-Mod,Metro
322,DC ,Mod-High,Metro
323,FL ,Low-Mod,Metro
324,FL ,Mod-High,Metro
325,FL ,Mod-High,Metro
326,FL ,High,Non-metro
327,FL ,Low-Mod,Metro
328,FL ,Mod-High,Metro
329,FL ,High,Non-metro
330,FL ,Low-Mod,Metro
331,FL ,Mod-High,Metro
332,FL ,Low-Mod,Metro
333,FL ,Low-Mod,Metro
334,FL ,High,Non-metro
335,FL ,High,Non-metro
336,FL ,High,Non-metro
337,FL ,Mod-High,Metro
338,FL ,Low-Mod,Metro
339,FL ,Low-Mod,Metro
340,FL ,High,Non-metro
341,FL ,High,Metro
342,FL ,High,Metro
343,FL ,High,Non-metro
344,FL ,Mod-High,Metro
345,FL ,High,Non-metro
346,FL ,High,Non-metro
347,FL ,High,Non-metro
348,FL ,Mod-High,Metro
349,FL ,High,Metro
350,FL ,Mod-High,Metro
351,FL ,High,Non-metro
352,FL ,Low-Mod,Metro
353,FL ,High,Non-metro
354,FL ,Mod-High,Metro
355,FL ,High,Non-metro
356,FL ,Mod-High,Metro
357,FL ,Mod-High,Metro
358,FL ,Low-Mod,Metro
359,FL ,High,Non-metro
360,FL ,High,Non-metro
361,FL ,High,Non-metro
362,FL ,Mod-High,Metro
363,FL ,High,Metro
364,FL ,Low-Mod,Metro
365,FL ,High,Metro
366,FL ,Low-Mod,Non-metro
367,FL ,Low,Metro
368,FL ,Low-Mod,Metro
369,FL ,High,Non-metro
370,FL ,Mod-High,Metro
371,FL ,High,Metro
372,FL ,Mod-High,Metro
373,FL ,Mod-High,Metro
374,FL ,Mod-High,Metro
375,FL ,High,Metro
376,FL ,High,Non-metro
377,FL ,Low-Mod,Metro
378,FL ,Low-Mod,Metro
379,FL ,Low,Metro
380,FL ,Low,Metro
381,FL ,Mod-High,Metro
382,FL ,Low,Metro
383,FL ,High,Non-metro
384,FL ,High,Non-metro
385,FL ,High,Non-metro
386,FL ,Mod-High,Metro
387,FL ,Low-Mod,Metro
388,FL ,Mod-High,Metro
389,FL ,High,Non-metro
390,GA ,High,Non-metro
391,GA ,High,Non-metro
392,GA ,High,Non-metro
393,GA ,Mod-High,Metro
394,GA ,High,Non-metro
395,GA ,Mod-High,Non-metro
396,GA ,Low-Mod,Metro
397,GA ,Mod-High,Metro
398,GA ,High,Non-metro
399,GA ,High,Non-metro
400,GA ,High,Metro
401,GA ,Mod-High,Non-metro
402,GA ,Mod-High,Metro
403,GA ,High,Metro
404,GA ,Low-Mod,Metro
405,GA ,High,Non-metro
406,GA ,High,Metro
407,GA ,High,Metro
408,GA ,High,Non-metro
409,GA ,Mod-High,Non-metro
410,GA ,High,Non-metro
411,GA ,High,Metro
412,GA ,Low,Metro
413,GA ,High,Non-metro
414,GA ,Mod-High,Metro
415,GA ,Mod-High,Metro
416,GA ,High,Non-metro
417,GA ,Low,Metro
418,GA ,High,Metro
419,GA ,High,Non-metro
420,GA ,High,Metro
421,GA ,High,Non-metro
422,GA ,Low-Mod,Metro
423,GA ,High,Non-metro
424,GA ,High,Non-metro
425,GA ,Low,Metro
426,GA ,High,Non-metro
427,GA ,Low,Metro
428,GA ,Mod-High,Metro
429,GA ,High,Non-metro
430,GA ,Mod-High,Metro
431,GA ,Low,Metro
432,GA ,High,Non-metro
433,GA ,Mod-High,Metro
434,GA ,High,Non-metro
435,GA ,High,Non-metro
436,GA ,High,Metro
437,GA ,Mod-High,Metro
438,GA ,High,Non-metro
439,GA ,Mod-High,Metro
440,GA ,Low,Metro
441,GA ,High,Non-metro
442,GA ,High,Non-metro
443,GA ,High,Non-metro
444,GA ,Low-Mod,Non-metro
445,GA ,Low,Metro
446,GA ,High,Metro
447,GA ,Low,Metro
448,GA ,High,Non-metro
449,GA ,Mod-High,Metro
450,GA ,Mod-High,Non-metro
451,GA ,Mod-High,Non-metro
452,GA ,Mod-High,Metro
453,GA ,High,Non-metro
454,GA ,High,Non-metro
455,GA ,Mod-High,Non-metro
456,GA ,Low-Mod,Metro
457,GA ,Mod-High,Non-metro
458,GA ,Mod-High,Metro
459,GA ,High,Non-metro
460,GA ,Mod-High,Metro
461,GA ,Low,Metro
462,GA ,Mod-High,Non-metro
463,GA ,Mod-High,Metro
464,GA ,Low-Mod,Metro
465,GA ,Mod-High,Metro
466,GA ,High,Non-metro
467,GA ,Low-Mod,Non-metro
468,GA ,Mod-High,Metro
469,GA ,High,Non-metro
470,GA ,High,Non-metro
471,GA ,High,Non-metro
472,GA ,High,Non-metro
473,GA ,Low-Mod,Metro
474,GA ,Low-Mod,Metro
475,GA ,High,Metro
476,GA ,High,Non-metro
477,GA ,Low-Mod,Metro
478,GA ,High,Metro
479,GA ,Mod-High,Metro
480,GA ,High,Metro
481,GA ,High,Metro
482,GA ,Low-Mod,Non-metro
483,GA ,High,Non-metro
484,GA ,Mod-High,Metro
485,GA ,High,Metro
486,GA ,High,Metro
487,GA ,Mod-High,Metro
488,GA ,High,Metro
489,GA ,High,Non-metro
490,GA ,High,Non-metro
491,GA ,Low-Mod,Metro
492,GA ,High,Non-metro
493,GA ,Low,Metro
494,GA ,Mod-High,Metro
495,GA ,High,Metro
496,GA ,Mod-High,Metro
497,GA ,Low,Metro
498,GA ,Mod-High,Metro
499,GA ,Low,Metro
500,GA ,High,Metro
501,GA ,Low-Mod,Metro
502,GA ,Mod-High,Non-metro
503,GA ,Low,Metro
504,GA ,High,Non-metro
505,GA ,High,Metro
506,GA ,Low-Mod,Non-metro
507,GA ,High,Non-metro
508,GA ,Mod-High,Non-metro
509,GA ,High,Non-metro
510,GA ,High,Metro
511,GA ,Mod-High,Metro
512,GA ,High,Non-metro
513,GA ,High,Non-metro
514,GA ,High,Non-metro
515,GA ,High,Metro
516,GA ,High,Non-metro
517,GA ,High,Non-metro
518,GA ,High,Non-metro
519,GA ,High,Non-metro
520,GA ,High,Non-metro
521,GA ,High,Non-metro
522,GA ,High,Non-metro
523,GA ,High,Non-metro
524,GA ,High,Metro
525,GA ,High,Non-metro
526,GA ,High,Non-metro
527,GA ,High,Non-metro
528,GA ,Low-Mod,Non-metro
529,GA ,High,Non-metro
530,GA ,High,Non-metro
531,GA ,High,Non-metro
532,GA ,High,Metro
533,GA ,Low-Mod,Non-metro
534,GA ,High,Non-metro
535,GA ,Mod-High,Metro
536,GA ,Low-Mod,Metro
537,GA ,High,Non-metro
538,GA ,High,Non-metro
539,GA ,High,Non-metro
540,GA ,High,Non-metro
541,GA ,High,Non-metro
542,GA ,High,Non-metro
543,GA ,Low,Non-metro
544,GA ,High,Metro
545,GA ,High,Non-metro
546,GA ,High,Non-metro
547,GA ,High,Non-metro
548,GA ,Mod-High,Metro
549,HI ,Mod-High,Non-metro
550,HI ,Low-Mod,Metro
551,HI ,Low-Mod,Metro
552,HI ,Low-Mod,Non-metro
553,HI ,Low-Mod,Metro
554,ID ,Low,Metro
555,ID ,Low-Mod,Non-metro
556,ID ,Mod-High,Metro
557,ID ,Low,Non-metro
558,ID ,Mod-High,Non-metro
559,ID ,Mod-High,Non-metro
560,ID ,Low-Mod,Non-metro
561,ID ,Low,Metro
562,ID ,Low,Non-metro
563,ID ,Low-Mod,Metro
564,ID ,Low-Mod,Non-metro
565,ID ,Low,Metro
566,ID ,Low,Non-metro
567,ID ,Mod-High,Metro
568,ID ,Low,Non-metro
569,ID ,Mod-High,Non-metro
570,ID ,High,Non-metro
571,ID ,Low-Mod,Non-metro
572,ID ,Low-Mod,Non-metro
573,ID ,Mod-High,Non-metro
574,ID ,Low,Metro
575,ID ,Mod-High,Non-metro
576,ID ,Mod-High,Metro
577,ID ,Mod-High,Non-metro
578,ID ,Mod-High,Non-metro
579,ID ,Low-Mod,Metro
580,ID ,Mod-High,Non-metro
581,ID ,Low,Metro
582,ID ,Low,Non-metro
583,ID ,Low-Mod,Non-metro
584,ID ,Mod-High,Non-metro
585,ID ,Mod-High,Non-metro
586,ID ,Low-Mod,Non-metro
587,ID ,Mod-High,Non-metro
588,ID ,Mod-High,Metro
589,ID ,Low-Mod,Non-metro
590,ID ,High,Metro
591,ID ,Mod-High,Non-metro
592,ID ,Mod-High,Non-metro
593,ID ,High,Non-metro
594,ID ,Low,Non-metro
595,ID ,Low-Mod,Non-metro
596,ID ,Low,Non-metro
597,ID ,High,Non-metro
598,IL ,Low,Non-metro
599,IL ,High,Metro
600,IL ,Low-Mod,Metro
601,IL ,Low-Mod,Metro
602,IL ,Low-Mod,Non-metro
603,IL ,Low-Mod,Non-metro
604,IL ,Low,Metro
605,IL ,Low,Non-metro
606,IL ,Mod-High,Non-metro
607,IL ,Low-Mod,Metro
608,IL ,Low,Non-metro
609,IL ,Low,Non-metro
610,IL ,Mod-High,Non-metro
611,IL ,Low,Metro
612,IL ,Low-Mod,Non-metro
613,IL ,Mod-High,Metro
614,IL ,Low-Mod,Non-metro
615,IL ,Low,Non-metro
616,IL ,Low,Metro
617,IL ,Low-Mod,Metro
618,IL ,Low-Mod,Non-metro
619,IL ,Low,Metro
620,IL ,Low-Mod,Non-metro
621,IL ,Low,Non-metro
622,IL ,Low,Non-metro
623,IL ,Mod-High,Non-metro
624,IL ,Low-Mod,Metro
625,IL ,Mod-High,Non-metro
626,IL ,Mod-High,Non-metro
627,IL ,Low-Mod,Non-metro
628,IL ,Low,Non-metro
629,IL ,Low,Metro
630,IL ,Low,Non-metro
631,IL ,Low,Non-metro
632,IL ,Mod-High,Non-metro
633,IL ,Low,Non-metro
634,IL ,Low,Metro
635,IL ,Low-Mod,Non-metro
636,IL ,Mod-High,Metro
637,IL ,Low,Non-metro
638,IL ,High,Non-metro
639,IL ,Low,Metro
640,IL ,Low,Non-metro
641,IL ,Low-Mod,Non-metro
642,IL ,Low-Mod,Metro
643,IL ,Mod-High,Metro
644,IL ,Low,Metro
645,IL ,Mod-High,Non-metro
646,IL ,Low-Mod,Metro
647,IL ,Low-Mod,Non-metro
648,IL ,High,Non-metro
649,IL ,Low-Mod,Non-metro
650,IL ,Low-Mod,Non-metro
651,IL ,Low,Non-metro
652,IL ,Mod-High,Metro
653,IL ,Low,Metro
654,IL ,Low-Mod,Metro
655,IL ,Mod-High,Non-metro
656,IL ,Low,Metro
657,IL ,Low-Mod,Non-metro
658,IL ,High,Non-metro
659,IL ,Mod-High,Non-metro
660,IL ,Low,Metro
661,IL ,Low,Metro
662,IL ,Low,Metro
663,IL ,Low,Metro
664,IL ,Low,Metro
665,IL ,Low-Mod,Non-metro
666,IL ,Mod-High,Non-metro
667,IL ,Low-Mod,Non-metro
668,IL ,Low-Mod,Non-metro
669,IL ,Mod-High,Metro
670,IL ,Mod-High,Non-metro
671,IL ,Low,Metro
672,IL ,Low-Mod,Non-metro
673,IL ,Low-Mod,Non-metro
674,IL ,Mod-High,Non-metro
675,IL ,Low,Non-metro
676,IL ,Low-Mod,Non-metro
677,IL ,Low-Mod,Non-metro
678,IL ,Mod-High,Metro
679,IL ,High,Non-metro
680,IL ,Low-Mod,Metro
681,IL ,Mod-High,Non-metro
682,IL ,Low,Non-metro
683,IL ,Low,Non-metro
684,IL ,Mod-High,Metro
685,IL ,Low,Metro
686,IL ,Low-Mod,Non-metro
687,IL ,Low,Metro
688,IL ,Mod-High,Non-metro
689,IL ,High,Metro
690,IL ,Low-Mod,Non-metro
691,IL ,Mod-High,Non-metro
692,IL ,Low,Non-metro
693,IL ,Low-Mod,Non-metro
694,IL ,Mod-High,Non-metro
695,IL ,Low-Mod,Non-metro
696,IL ,Low,Metro
697,IL ,Low-Mod,Metro
698,IL ,Mod-High,Metro
699,IL ,Low,Metro
700,IN ,Mod-High,Non-metro
701,IN ,Mod-High,Metro
702,IN ,Low-Mod,Metro
703,IN ,Low-Mod,Metro
704,IN ,Low-Mod,Non-metro
705,IN ,Low,Metro
706,IN ,Low,Metro
707,IN ,Low,Metro
708,IN ,Mod-High,Non-metro
709,IN ,Low-Mod,Metro
710,IN ,Low-Mod,Metro
711,IN ,Mod-High,Non-metro
712,IN ,Low-Mod,Non-metro
713,IN ,Mod-High,Non-metro
714,IN ,Low,Metro
715,IN ,Low,Non-metro
716,IN ,Low,Non-metro
717,IN ,Mod-High,Metro
718,IN ,Low,Non-metro
719,IN ,High,Metro
720,IN ,Mod-High,Non-metro
721,IN ,Low,Metro
722,IN ,Low,Non-metro
723,IN ,Low,Non-metro
724,IN ,Low-Mod,Non-metro
725,IN ,Low-Mod,Non-metro
726,IN ,Mod-High,Non-metro
727,IN ,Low-Mod,Non-metro
728,IN ,Low,Metro
729,IN ,Low,Metro
730,IN ,Low,Metro
731,IN ,Low,Metro
732,IN ,Low-Mod,Non-metro
733,IN ,Low-Mod,Metro
734,IN ,Low,Non-metro
735,IN ,Mod-High,Non-metro
736,IN ,Low-Mod,Metro
737,IN ,Mod-High,Non-metro
738,IN ,Low-Mod,Non-metro
739,IN ,Low-Mod,Non-metro
740,IN ,Low,Metro
741,IN ,Mod-High,Non-metro
742,IN ,Low-Mod,Non-metro
743,IN ,Low-Mod,Non-metro
744,IN ,Mod-High,Metro
745,IN ,Mod-High,Metro
746,IN ,Low-Mod,Non-metro
747,IN ,Mod-High,Metro
748,IN ,High,Metro
749,IN ,Mod-High,Non-metro
750,IN ,Low,Non-metro
751,IN ,Mod-High,Non-metro
752,IN ,Low-Mod,Metro
753,IN ,Low-Mod,Non-metro
754,IN ,Low,Metro
755,IN ,Low-Mod,Metro
756,IN ,Low-Mod,Non-metro
757,IN ,Low,Metro
758,IN ,Mod-High,Non-metro
759,IN ,Low-Mod,Metro
760,IN ,Mod-High,Non-metro
761,IN ,Low-Mod,Non-metro
762,IN ,Low,Non-metro
763,IN ,Low,Metro
764,IN ,Low,Metro
765,IN ,Low,Non-metro
766,IN ,Low-Mod,Metro
767,IN ,Low-Mod,Non-metro
768,IN ,Low-Mod,Non-metro
769,IN ,Low-Mod,Non-metro
770,IN ,Low-Mod,Metro
771,IN ,Low,Metro
772,IN ,Low,Non-metro
773,IN ,Mod-High,Metro
774,IN ,Low-Mod,Non-metro
775,IN ,Low-Mod,Non-metro
776,IN ,Mod-High,Metro
777,IN ,Mod-High,Non-metro
778,IN ,Low-Mod,Metro
779,IN ,Low,Non-metro
780,IN ,Low,Metro
781,IN ,Mod-High,Metro
782,IN ,Low-Mod,Metro
783,IN ,Mod-High,Metro
784,IN ,Low-Mod,Non-metro
785,IN ,Low,Non-metro
786,IN ,Low,Metro
787,IN ,Low-Mod,Metro
788,IN ,Mod-High,Non-metro
789,IN ,Low,Metro
790,IN ,Low,Non-metro
791,IN ,Low,Metro
792,IA ,Low,Non-metro
793,IA ,Low,Non-metro
794,IA ,Low-Mod,Non-metro
795,IA ,Low-Mod,Non-metro
796,IA ,Low,Non-metro
797,IA ,Low,Metro
798,IA ,Low-Mod,Metro
799,IA ,Low,Non-metro
800,IA ,Low,Metro
801,IA ,Low,Non-metro
802,IA ,Mod-High,Non-metro
803,IA ,Low,Non-metro
804,IA ,Low,Non-metro
805,IA ,Low,Non-metro
806,IA ,Low,Non-metro
807,IA ,Low,Non-metro
808,IA ,Low,Non-metro
809,IA ,Low,Non-metro
810,IA ,Low,Non-metro
811,IA ,Low-Mod,Non-metro
812,IA ,Low-Mod,Non-metro
813,IA ,Low,Non-metro
814,IA ,Low-Mod,Non-metro
815,IA ,High,Non-metro
816,IA ,Low,Metro
817,IA ,Low-Mod,Non-metro
818,IA ,Mod-High,Non-metro
819,IA ,Low,Non-metro
820,IA ,Low-Mod,Non-metro
821,IA ,Low,Non-metro
822,IA ,Low,Metro
823,IA ,Low-Mod,Non-metro
824,IA ,Low,Non-metro
825,IA ,Low-Mod,Non-metro
826,IA ,Low,Non-metro
827,IA ,Low,Non-metro
828,IA ,Low,Non-metro
829,IA ,Low,Metro
830,IA ,Low,Metro
831,IA ,Low,Non-metro
832,IA ,Low,Non-metro
833,IA ,Low,Non-metro
834,IA ,Low,Metro
835,IA ,Low-Mod,Non-metro
836,IA ,Low,Non-metro
837,IA ,Low,Non-metro
838,IA ,Low,Non-metro
839,IA ,Low,Non-metro
840,IA ,Low,Non-metro
841,IA ,Low-Mod,Non-metro
842,IA ,Low-Mod,Non-metro
843,IA ,Low-Mod,Metro
844,IA ,Low,Metro
845,IA ,Low,Non-metro
846,IA ,Low,Non-metro
847,IA ,Mod-High,Non-metro
848,IA ,Low,Metro
849,IA ,Low-Mod,Non-metro
850,IA ,Low-Mod,Non-metro
851,IA ,Low,Non-metro
852,IA ,Low,Metro
853,IA ,Low-Mod,Non-metro
854,IA ,Low,Non-metro
855,IA ,Mod-High,Non-metro
856,IA ,Low,Metro
857,IA ,Low,Non-metro
858,IA ,Low,Non-metro
859,IA ,Low-Mod,Non-metro
860,IA ,Mod-High,Non-metro
861,IA ,Low-Mod,Non-metro
862,IA ,Low,Non-metro
863,IA ,Low-Mod,Non-metro
864,IA ,Low-Mod,Non-metro
865,IA ,Low,Non-metro
866,IA ,Low,Metro
867,IA ,Low,Non-metro
868,IA ,Low-Mod,Metro
869,IA ,Low-Mod,Metro
870,IA ,Low,Non-metro
871,IA ,Low,Non-metro
872,IA ,Low,Non-metro
873,IA ,Low-Mod,Metro
874,IA ,Low,Non-metro
875,IA ,Low,Non-metro
876,IA ,Low,Metro
877,IA ,Low-Mod,Non-metro
878,IA ,Low-Mod,Non-metro
879,IA ,Low-Mod,Non-metro
880,IA ,Low,Non-metro
881,IA ,Mod-High,Non-metro
882,IA ,Low,Metro
883,IA ,Low,Metro
884,IA ,Low-Mod,Non-metro
885,IA ,Low-Mod,Non-metro
886,IA ,Low,Non-metro
887,IA ,Low,Non-metro
888,IA ,Mod-High,Metro
889,IA ,Low,Non-metro
890,IA ,Low-Mod,Non-metro
891,KS ,Low-Mod,Non-metro
892,KS ,Low,Non-metro
893,KS ,Low-Mod,Non-metro
894,KS ,Low-Mod,Non-metro
895,KS ,Mod-High,Non-metro
896,KS ,Mod-High,Non-metro
897,KS ,Low-Mod,Non-metro
898,KS ,Low-Mod,Metro
899,KS ,Low-Mod,Non-metro
900,KS ,Mod-High,Non-metro
901,KS ,Low-Mod,Non-metro
902,KS ,Low,Non-metro
903,KS ,Low-Mod,Non-metro
904,KS ,Low,Non-metro
905,KS ,Low-Mod,Non-metro
906,KS ,Low,Non-metro
907,KS ,Low,Non-metro
908,KS ,Mod-High,Non-metro
909,KS ,Mod-High,Non-metro
910,KS ,Low,Non-metro
911,KS ,Low-Mod,Non-metro
912,KS ,Low,Metro
913,KS ,Low,Metro
914,KS ,Low-Mod,Non-metro
915,KS ,Low-Mod,Non-metro
916,KS ,Low,Non-metro
917,KS ,Low-Mod,Non-metro
918,KS ,High,Non-metro
919,KS ,High,Non-metro
920,KS ,Low,Non-metro
921,KS ,Mod-High,Non-metro
922,KS ,Low,Non-metro
923,KS ,Low,Non-metro
924,KS ,Low-Mod,Non-metro
925,KS ,Low-Mod,Non-metro
926,KS ,Mod-High,Non-metro
927,KS ,Low,Non-metro
928,KS ,Low-Mod,Non-metro
929,KS ,Low-Mod,Non-metro
930,KS ,Low-Mod,Metro
931,KS ,Low-Mod,Non-metro
932,KS ,Low,Non-metro
933,KS ,Low-Mod,Metro
934,KS ,Low,Metro
935,KS ,Low,Non-metro
936,KS ,Low,Metro
937,KS ,Low-Mod,Non-metro
938,KS ,Low,Metro
939,KS ,Low-Mod,Non-metro
940,KS ,Mod-High,Non-metro
941,KS ,Low,Non-metro
942,KS ,Low,Metro
943,KS ,Low,Non-metro
944,KS ,Low-Mod,Metro
945,KS ,Low,Non-metro
946,KS ,Mod-High,Non-metro
947,KS ,Low,Non-metro
948,KS ,Low,Non-metro
949,KS ,Low,Non-metro
950,KS ,Low-Mod,Non-metro
951,KS ,Low,Metro
952,KS ,Low-Mod,Non-metro
953,KS ,High,Non-metro
954,KS ,Low,Non-metro
955,KS ,Low-Mod,Non-metro
956,KS ,Low,Non-metro
957,KS ,Mod-High,Non-metro
958,KS ,Low,Non-metro
959,KS ,Low-Mod,Non-metro
960,KS ,Low,Metro
961,KS ,Low,Non-metro
962,KS ,Low,Non-metro
963,KS ,Low-Mod,Non-metro
964,KS ,Low,Non-metro
965,KS ,Low,Metro
966,KS ,Low-Mod,Non-metro
967,KS ,Low,Non-metro
968,KS ,Mod-High,Non-metro
969,KS ,Low,Non-metro
970,KS ,Low-Mod,Non-metro
971,KS ,Low-Mod,Metro
972,KS ,Low,Non-metro
973,KS ,Low,Non-metro
974,KS ,Low,Non-metro
975,KS ,Low-Mod,Non-metro
976,KS ,Low-Mod,Non-metro
977,KS ,Mod-High,Metro
978,KS ,High,Non-metro
979,KS ,Mod-High,Metro
980,KS ,Low,Non-metro
981,KS ,Low-Mod,Non-metro
982,KS ,Low,Non-metro
983,KS ,Low-Mod,Non-metro
984,KS ,Low-Mod,Non-metro
985,KS ,Mod-High,Non-metro
986,KS ,Low,Metro
987,KS ,Low,Non-metro
988,KS ,Low,Non-metro
989,KS ,Low,Metro
990,KS ,Low,Non-metro
991,KS ,Low,Non-metro
992,KS ,Low-Mod,Non-metro
993,KS ,Mod-High,Non-metro
994,KS ,Low-Mod,Non-metro
995,KS ,High,Metro
996,KY ,Mod-High,Non-metro
997,KY ,Mod-High,Metro
998,KY ,Low-Mod,Non-metro
999,KY ,Low-Mod,Non-metro
1000,KY ,High,Non-metro
1001,KY ,Mod-High,Non-metro
1002,KY ,High,Non-metro
1003,KY ,Low,Metro
1004,KY ,Mod-High,Metro
1005,KY ,Mod-High,Metro
1006,KY ,Low-Mod,Non-metro
1007,KY ,Low-Mod,Metro
1008,KY ,High,Non-metro
1009,KY ,Mod-High,Non-metro
1010,KY ,Low,Metro
1011,KY ,High,Metro
1012,KY ,Low-Mod,Non-metro
1013,KY ,Low-Mod,Non-metro
1014,KY ,Low,Metro
1015,KY ,Low-Mod,Non-metro
1016,KY ,High,Non-metro
1017,KY ,High,Non-metro
1018,KY ,High,Non-metro
1019,KY ,High,Metro
1020,KY ,Mod-High,Metro
1021,KY ,High,Non-metro
1022,KY ,High,Non-metro
1023,KY ,Low-Mod,Non-metro
1024,KY ,Mod-High,Non-metro
1025,KY ,Mod-High,Metro
1026,KY ,Mod-High,Metro
1027,KY ,Mod-High,Non-metro
1028,KY ,High,Non-metro
1029,KY ,Low-Mod,Metro
1030,KY ,High,Non-metro
1031,KY ,High,Non-metro
1032,KY ,Mod-High,Non-metro
1033,KY ,High,Non-metro
1034,KY ,Mod-High,Metro
1035,KY ,Low-Mod,Non-metro
1036,KY ,Mod-High,Metro
1037,KY ,High,Non-metro
1038,KY ,Mod-High,Non-metro
1039,KY ,Mod-High,Non-metro
1040,KY ,Low-Mod,Metro
1041,KY ,Low-Mod,Metro
1042,KY ,Mod-High,Metro
1043,KY ,High,Non-metro
1044,KY ,Mod-High,Non-metro
1045,KY ,High,Non-metro
1046,KY ,Mod-High,Metro
1047,KY ,Mod-High,Metro
1048,KY ,Mod-High,Non-metro
1049,KY ,Mod-High,Non-metro
1050,KY ,Mod-High,Non-metro
1051,KY ,Mod-High,Metro
1052,KY ,Mod-High,Metro
1053,KY ,High,Non-metro
1054,KY ,Low-Mod,Metro
1055,KY ,High,Non-metro
1056,KY ,High,Non-metro
1057,KY ,Mod-High,Metro
1058,KY ,High,Non-metro
1059,KY ,High,Non-metro
1060,KY ,High,Non-metro
1061,KY ,High,Non-metro
1062,KY ,High,Non-metro
1063,KY ,Mod-High,Non-metro
1064,KY ,Mod-High,Non-metro
1065,KY ,Low-Mod,Non-metro
1066,KY ,Mod-High,Non-metro
1067,KY ,Low-Mod,Non-metro
1068,KY ,Low-Mod,Non-metro
1069,KY ,High,Non-metro
1070,KY ,High,Non-metro
1071,KY ,Low-Mod,Non-metro
1072,KY ,High,Non-metro
1073,KY ,Mod-High,Non-metro
1074,KY ,Low-Mod,Non-metro
1075,KY ,High,Non-metro
1076,KY ,Low-Mod,Metro
1077,KY ,Low-Mod,Metro
1078,KY ,Mod-High,Non-metro
1079,KY ,Low-Mod,Non-metro
1080,KY ,Mod-High,Non-metro
1081,KY ,Mod-High,Non-metro
1082,KY ,High,Non-metro
1083,KY ,High,Non-metro
1084,KY ,Mod-High,Non-metro
1085,KY ,Low-Mod,Non-metro
1086,KY ,High,Non-metro
1087,KY ,Mod-High,Non-metro
1088,KY ,Low,Metro
1089,KY ,Mod-High,Non-metro
1090,KY ,High,Non-metro
1091,KY ,Low-Mod,Metro
1092,KY ,High,Non-metro
1093,KY ,High,Non-metro
1094,KY ,High,Non-metro
1095,KY ,Mod-High,Non-metro
1096,KY ,Low-Mod,Non-metro
1097,KY ,High,Non-metro
1098,KY ,High,Non-metro
1099,KY ,High,Non-metro
1100,KY ,Low-Mod,Metro
1101,KY ,Low-Mod,Metro
1102,KY ,Low-Mod,Non-metro
1103,KY ,Low,Metro
1104,KY ,Mod-High,Non-metro
1105,KY ,High,Non-metro
1106,KY ,Low-Mod,Metro
1107,KY ,Mod-High,Metro
1108,KY ,Mod-High,Non-metro
1109,KY ,Mod-High,Metro
1110,KY ,Mod-High,Non-metro
1111,KY ,Mod-High,Non-metro
1112,KY ,High,Non-metro
1113,KY ,High,Non-metro
1114,KY ,High,Non-metro
1115,KY ,Low,Metro
1116,LA ,High,Metro
1117,LA ,High,Non-metro
1118,LA ,Low-Mod,Metro
1119,LA ,High,Non-metro
1120,LA ,High,Non-metro
1121,LA ,Mod-High,Non-metro
1122,LA ,High,Non-metro
1123,LA ,Mod-High,Metro
1124,LA ,High,Metro
1125,LA ,Mod-High,Metro
1126,LA ,High,Non-metro
1127,LA ,Low-Mod,Metro
1128,LA ,High,Non-metro
1129,LA ,High,Non-metro
1130,LA ,High,Non-metro
1131,LA ,High,Metro
1132,LA ,Mod-High,Metro
1133,LA ,High,Non-metro
1134,LA ,High,Metro
1135,LA ,High,Non-metro
1136,LA ,High,Non-metro
1137,LA ,Mod-High,Metro
1138,LA ,High,Metro
1139,LA ,High,Metro
1140,LA ,High,Non-metro
1141,LA ,High,Non-metro
1142,LA ,Mod-High,Metro
1143,LA ,Mod-High,Metro
1144,LA ,High,Metro
1145,LA ,High,Non-metro
1146,LA ,High,Non-metro
1147,LA ,Low-Mod,Metro
1148,LA ,High,Non-metro
1149,LA ,High,Non-metro
1150,LA ,High,Non-metro
1151,LA ,Mod-High,Metro
1152,LA ,High,Metro
1153,LA ,Mod-High,Metro
1154,LA ,High,Metro
1155,LA ,High,Metro
1156,LA ,High,Non-metro
1157,LA ,High,Non-metro
1158,LA ,High,Non-metro
1159,LA ,High,Metro
1160,LA ,Low-Mod,Metro
1161,LA ,High,Metro
1162,LA ,Mod-High,Metro
1163,LA ,Mod-High,Metro
1164,LA ,High,Non-metro
1165,LA ,High,Metro
1166,LA ,High,Non-metro
1167,LA ,Low-Mod,Metro
1168,LA ,High,Metro
1169,LA ,High,Non-metro
1170,LA ,High,Metro
1171,LA ,High,Metro
1172,LA ,High,Metro
1173,LA ,Mod-High,Non-metro
1174,LA ,High,Non-metro
1175,LA ,High,Metro
1176,LA ,High,Metro
1177,LA ,Mod-High,Non-metro
1178,LA ,Mod-High,Metro
1179,LA ,High,Non-metro
1180,ME ,Mod-High,Metro
1181,ME ,Mod-High,Non-metro
1182,ME ,Low,Metro
1183,ME ,Low,Non-metro
1184,ME ,Low,Non-metro
1185,ME ,Low-Mod,Non-metro
1186,ME ,Low,Non-metro
1187,ME ,Low,Non-metro
1188,ME ,Low-Mod,Non-metro
1189,ME ,Low-Mod,Metro
1190,ME ,Low-Mod,Non-metro
1191,ME ,Low,Metro
1192,ME ,Mod-High,Non-metro
1193,ME ,Low,Non-metro
1194,ME ,Mod-High,Non-metro
1195,ME ,Low,Metro
1196,MD ,Mod-High,Metro
1197,MD ,Low,Metro
1198,MD ,High,Metro
1199,MD ,Low-Mod,Metro
1200,MD ,Low,Metro
1201,MD ,Mod-High,Non-metro
1202,MD ,Low,Metro
1203,MD ,Low-Mod,Metro
1204,MD ,Low,Metro
1205,MD ,High,Non-metro
1206,MD ,Low,Metro
1207,MD ,Low,Non-metro
1208,MD ,Low,Metro
1209,MD ,Low,Metro
1210,MD ,Low-Mod,Non-metro
1211,MD ,Low-Mod,Metro
1212,MD ,Mod-High,Metro
1213,MD ,Low,Metro
1214,MD ,High,Metro
1215,MD ,Low,Metro
1216,MD ,Low,Non-metro
1217,MD ,Mod-High,Metro
1218,MD ,High,Metro
1219,MD ,Low-Mod,Metro
1220,MA ,Low,Metro
1221,MA ,Low-Mod,Metro
1222,MA ,Mod-High,Metro
1223,MA ,Low,Non-metro
1224,MA ,Mod-High,Metro
1225,MA ,Low,Non-metro
1226,MA ,High,Metro
1227,MA ,Low,Metro
1228,MA ,Low,Metro
1229,MA ,Low,Non-metro
1230,MA ,Low,Metro
1231,MA ,Low,Metro
1232,MA ,Mod-High,Metro
1233,MA ,Low-Mod,Metro
1234,MI ,Low-Mod,Non-metro
1235,MI ,Low-Mod,Non-metro
1236,MI ,Low,Non-metro
1237,MI ,Low-Mod,Non-metro
1238,MI ,Low,Non-metro
1239,MI ,Mod-High,Non-metro
1240,MI ,Mod-High,Non-metro
1241,MI ,Low,Metro
1242,MI ,Low-Mod,Metro
1243,MI ,Low,Non-metro
1244,MI ,Mod-High,Metro
1245,MI ,Mod-High,Non-metro
1246,MI ,Mod-High,Metro
1247,MI ,Low-Mod,Metro
1248,MI ,Low,Non-metro
1249,MI ,Low-Mod,Non-metro
1250,MI ,Mod-High,Non-metro
1251,MI ,High,Non-metro
1252,MI ,Low,Metro
1253,MI ,Low-Mod,Non-metro
1254,MI ,Low-Mod,Non-metro
1255,MI ,Low,Non-metro
1256,MI ,Low-Mod,Metro
1257,MI ,Low,Non-metro
1258,MI ,Mod-High,Metro
1259,MI ,Mod-High,Non-metro
1260,MI ,Low-Mod,Non-metro
1261,MI ,Low,Non-metro
1262,MI ,Mod-High,Non-metro
1263,MI ,Mod-High,Non-metro
1264,MI ,Low-Mod,Non-metro
1265,MI ,Low-Mod,Non-metro
1266,MI ,Mod-High,Metro
1267,MI ,Low-Mod,Non-metro
1268,MI ,Low-Mod,Non-metro
1269,MI ,Low-Mod,Non-metro
1270,MI ,Mod-High,Non-metro
1271,MI ,Mod-High,Metro
1272,MI ,Low-Mod,Metro
1273,MI ,Mod-High,Non-metro
1274,MI ,Low-Mod,Metro
1275,MI ,Low,Non-metro
1276,MI ,High,Non-metro
1277,MI ,Low,Metro
1278,MI ,Low,Non-metro
1279,MI ,Low-Mod,Non-metro
1280,MI ,Low,Metro
1281,MI ,Mod-High,Non-metro
1282,MI ,Mod-High,Non-metro
1283,MI ,Low-Mod,Metro
1284,MI ,Low-Mod,Non-metro
1285,MI ,Low-Mod,Non-metro
1286,MI ,Low-Mod,Non-metro
1287,MI ,Mod-High,Non-metro
1288,MI ,Low-Mod,Non-metro
1289,MI ,Low,Metro
1290,MI ,Low-Mod,Non-metro
1291,MI ,Low,Metro
1292,MI ,Mod-High,Metro
1293,MI ,Low-Mod,Non-metro
1294,MI ,Mod-High,Metro
1295,MI ,Mod-High,Non-metro
1296,MI ,Low,Metro
1297,MI ,High,Non-metro
1298,MI ,Mod-High,Non-metro
1299,MI ,Low-Mod,Non-metro
1300,MI ,Mod-High,Non-metro
1301,MI ,Mod-High,Non-metro
1302,MI ,Low-Mod,Non-metro
1303,MI ,Low,Metro
1304,MI ,Low-Mod,Non-metro
1305,MI ,Low-Mod,Non-metro
1306,MI ,Mod-High,Metro
1307,MI ,Low-Mod,Non-metro
1308,MI ,Mod-High,Non-metro
1309,MI ,Low,Non-metro
1310,MI ,Low-Mod,Metro
1311,MI ,Mod-High,Non-metro
1312,MI ,Low-Mod,Non-metro
1313,MI ,Mod-High,Metro
1314,MI ,Low,Metro
1315,MI ,High,Metro
1316,MI ,Mod-High,Non-metro
1317,MN ,Low-Mod,Non-metro
1318,MN ,Low,Metro
1319,MN ,Low-Mod,Non-metro
1320,MN ,High,Non-metro
1321,MN ,Low-Mod,Metro
1322,MN ,Low,Non-metro
1323,MN ,Low-Mod,Metro
1324,MN ,Low,Non-metro
1325,MN ,Low-Mod,Metro
1326,MN ,Low,Metro
1327,MN ,Low-Mod,Non-metro
1328,MN ,Low-Mod,Non-metro
1329,MN ,Low,Metro
1330,MN ,Low,Metro
1331,MN ,High,Non-metro
1332,MN ,Low,Non-metro
1333,MN ,Low-Mod,Non-metro
1334,MN ,Low,Non-metro
1335,MN ,Low,Metro
1336,MN ,Low,Metro
1337,MN ,Low,Non-metro
1338,MN ,Low,Non-metro
1339,MN ,Low,Metro
1340,MN ,Low-Mod,Non-metro
1341,MN ,Low,Non-metro
1342,MN ,Low,Non-metro
1343,MN ,Low-Mod,Metro
1344,MN ,Low,Metro
1345,MN ,Low,Non-metro
1346,MN ,Low,Metro
1347,MN ,Low-Mod,Non-metro
1348,MN ,Low,Non-metro
1349,MN ,Low-Mod,Non-metro
1350,MN ,Low-Mod,Non-metro
1351,MN ,Low,Non-metro
1352,MN ,Low-Mod,Non-metro
1353,MN ,Low,Non-metro
1354,MN ,Low,Non-metro
1355,MN ,Low,Non-metro
1356,MN ,Low,Metro
1357,MN ,Low,Non-metro
1358,MN ,Low-Mod,Non-metro
1359,MN ,High,Non-metro
1360,MN ,Low,Non-metro
1361,MN ,Low,Non-metro
1362,MN ,Low,Non-metro
1363,MN ,Low,Non-metro
1364,MN ,Mod-High,Metro
1365,MN ,Low-Mod,Non-metro
1366,MN ,Mod-High,Non-metro
1367,MN ,Low,Non-metro
1368,MN ,Low-Mod,Metro
1369,MN ,High,Non-metro
1370,MN ,Low-Mod,Non-metro
1371,MN ,Low-Mod,Metro
1372,MN ,Low,Non-metro
1373,MN ,Low-Mod,Non-metro
1374,MN ,Low-Mod,Non-metro
1375,MN ,Low-Mod,Non-metro
1376,MN ,Low-Mod,Metro
1377,MN ,Low,Non-metro
1378,MN ,Mod-High,Metro
1379,MN ,Low,Non-metro
1380,MN ,Low,Non-metro
1381,MN ,Low,Non-metro
1382,MN ,Low-Mod,Non-metro
1383,MN ,Low,Non-metro
1384,MN ,Low,Non-metro
1385,MN ,Low,Metro
1386,MN ,Low,Metro
1387,MN ,Low,Metro
1388,MN ,Low-Mod,Metro
1389,MN ,Low-Mod,Metro
1390,MN ,Low-Mod,Non-metro
1391,MN ,Low,Non-metro
1392,MN ,Low-Mod,Non-metro
1393,MN ,Low-Mod,Non-metro
1394,MN ,Low-Mod,Non-metro
1395,MN ,Low,Metro
1396,MN ,Mod-High,Non-metro
1397,MN ,Low-Mod,Non-metro
1398,MN ,Low,Metro
1399,MN ,Mod-High,Non-metro
1400,MN ,Low,Non-metro
1401,MN ,Low,Non-metro
1402,MN ,Low,Metro
1403,MN ,Low-Mod,Non-metro
1404,MS ,High,Non-metro
1405,MS ,Mod-High,Non-metro
1406,MS ,High,Non-metro
1407,MS ,High,Non-metro
1408,MS ,Mod-High,Metro
1409,MS ,High,Non-metro
1410,MS ,High,Non-metro
1411,MS ,Mod-High,Non-metro
1412,MS ,High,Non-metro
1413,MS ,High,Non-metro
1414,MS ,High,Non-metro
1415,MS ,Mod-High,Non-metro
1416,MS ,Mod-High,Non-metro
1417,MS ,High,Non-metro
1418,MS ,High,Metro
1419,MS ,High,Non-metro
1420,MS ,Low-Mod,Metro
1421,MS ,High,Metro
1422,MS ,Mod-High,Non-metro
1423,MS ,Mod-High,Non-metro
1424,MS ,Mod-High,Non-metro
1425,MS ,High,Non-metro
1426,MS ,Mod-High,Metro
1427,MS ,High,Metro
1428,MS ,High,Metro
1429,MS ,High,Non-metro
1430,MS ,High,Non-metro
1431,MS ,High,Non-metro
1432,MS ,Mod-High,Non-metro
1433,MS ,Mod-High,Metro
1434,MS ,High,Non-metro
1435,MS ,High,Non-metro
1436,MS ,High,Non-metro
1437,MS ,High,Non-metro
1438,MS ,High,Non-metro
1439,MS ,Mod-High,Non-metro
1440,MS ,Mod-High,Metro
1441,MS ,High,Non-metro
1442,MS ,Mod-High,Non-metro
1443,MS ,High,Non-metro
1444,MS ,High,Non-metro
1445,MS ,High,Non-metro
1446,MS ,High,Non-metro
1447,MS ,High,Non-metro
1448,MS ,Low-Mod,Metro
1449,MS ,High,Non-metro
1450,MS ,Mod-High,Metro
1451,MS ,Mod-High,Non-metro
1452,MS ,High,Non-metro
1453,MS ,High,Non-metro
1454,MS ,High,Non-metro
1455,MS ,High,Non-metro
1456,MS ,Mod-High,Non-metro
1457,MS ,High,Non-metro
1458,MS ,Mod-High,Non-metro
1459,MS ,Mod-High,Metro
1460,MS ,High,Non-metro
1461,MS ,High,Non-metro
1462,MS ,High,Non-metro
1463,MS ,High,Non-metro
1464,MS ,Low-Mod,Metro
1465,MS ,High,Non-metro
1466,MS ,High,Non-metro
1467,MS ,High,Metro
1468,MS ,Low-Mod,Non-metro
1469,MS ,Mod-High,Non-metro
1470,MS ,High,Non-metro
1471,MS ,High,Non-metro
1472,MS ,High,Metro
1473,MS ,High,Non-metro
1474,MS ,Mod-High,Non-metro
1475,MS ,High,Metro
1476,MS ,High,Non-metro
1477,MS ,High,Non-metro
1478,MS ,High,Non-metro
1479,MS ,High,Non-metro
1480,MS ,High,Non-metro
1481,MS ,Mod-High,Non-metro
1482,MS ,High,Non-metro
1483,MS ,High,Non-metro
1484,MS ,Mod-High,Non-metro
1485,MS ,High,Metro
1486,MO ,Low-Mod,Non-metro
1487,MO ,Low,Metro
1488,MO ,Low,Non-metro
1489,MO ,Mod-High,Non-metro
1490,MO ,Mod-High,Non-metro
1491,MO ,Mod-High,Non-metro
1492,MO ,Low-Mod,Metro
1493,MO ,Mod-High,Non-metro
1494,MO ,Low-Mod,Metro
1495,MO ,Low-Mod,Metro
1496,MO ,Mod-High,Metro
1497,MO ,High,Non-metro
1498,MO ,Low-Mod,Metro
1499,MO ,Low-Mod,Metro
1500,MO ,Low-Mod,Non-metro
1501,MO ,Low-Mod,Metro
1502,MO ,Mod-High,Non-metro
1503,MO ,Mod-High,Non-metro
1504,MO ,Low,Metro
1505,MO ,Mod-High,Non-metro
1506,MO ,Low,Non-metro
1507,MO ,Low,Metro
1508,MO ,Low-Mod,Non-metro
1509,MO ,Low,Metro
1510,MO ,Low,Metro
1511,MO ,Low-Mod,Metro
1512,MO ,Low-Mod,Non-metro
1513,MO ,High,Non-metro
1514,MO ,Mod-High,Non-metro
1515,MO ,Mod-High,Metro
1516,MO ,Low-Mod,Non-metro
1517,MO ,Low-Mod,Metro
1518,MO ,Mod-High,Non-metro
1519,MO ,Mod-High,Non-metro
1520,MO ,High,Non-metro
1521,MO ,Low,Metro
1522,MO ,Low,Non-metro
1523,MO ,Low-Mod,Non-metro
1524,MO ,Low-Mod,Metro
1525,MO ,Mod-High,Non-metro
1526,MO ,Mod-High,Non-metro
1527,MO ,Mod-High,Non-metro
1528,MO ,Low-Mod,Non-metro
1529,MO ,Low,Non-metro
1530,MO ,Low-Mod,Non-metro
1531,MO ,Mod-High,Non-metro
1532,MO ,High,Non-metro
1533,MO ,Mod-High,Metro
1534,MO ,Mod-High,Metro
1535,MO ,Low,Metro
1536,MO ,Low-Mod,Non-metro
1537,MO ,Mod-High,Non-metro
1538,MO ,Mod-High,Non-metro
1539,MO ,Low-Mod,Metro
1540,MO ,High,Non-metro
1541,MO ,Low-Mod,Non-metro
1542,MO ,Low-Mod,Metro
1543,MO ,Low-Mod,Non-metro
1544,MO ,Low-Mod,Non-metro
1545,MO ,Mod-High,Non-metro
1546,MO ,Low-Mod,Non-metro
1547,MO ,Mod-High,Non-metro
1548,MO ,Mod-High,Non-metro
1549,MO ,High,Metro
1550,MO ,Low-Mod,Non-metro
1551,MO ,Mod-High,Non-metro
1552,MO ,High,Non-metro
1553,MO ,Mod-High,Metro
1554,MO ,Low-Mod,Non-metro
1555,MO ,Mod-High,Non-metro
1556,MO ,Mod-High,Non-metro
1557,MO ,High,Non-metro
1558,MO ,Low-Mod,Metro
1559,MO ,Low,Non-metro
1560,MO ,Low-Mod,Non-metro
1561,MO ,Low,Metro
1562,MO ,Mod-High,Non-metro
1563,MO ,High,Non-metro
1564,MO ,Low,Non-metro
1565,MO ,High,Non-metro
1566,MO ,Mod-High,Non-metro
1567,MO ,Mod-High,Non-metro
1568,MO ,Low,Metro
1569,MO ,Mod-High,Metro
1570,MO ,Mod-High,Non-metro
1571,MO ,Mod-High,Non-metro
1572,MO ,Low,Non-metro
1573,MO ,Mod-High,Non-metro
1574,MO ,Low-Mod,Metro
1575,MO ,Mod-High,Non-metro
1576,MO ,Mod-High,Non-metro
1577,MO ,High,Non-metro
1578,MO ,Low-Mod,Non-metro
1579,MO ,Mod-High,Non-metro
1580,MO ,High,Non-metro
1581,MO ,Mod-High,Non-metro
1582,MO ,Low-Mod,Non-metro
1583,MO ,Low,Metro
1584,MO ,Low-Mod,Non-metro
1585,MO ,Mod-High,Non-metro
1586,MO ,High,Metro
1587,MO ,Low-Mod,Metro
1588,MO ,Low,Non-metro
1589,MO ,Low-Mod,Non-metro
1590,MO ,Low-Mod,Non-metro
1591,MO ,Mod-High,Non-metro
1592,MO ,High,Non-metro
1593,MO ,High,Non-metro
1594,MO ,Low-Mod,Non-metro
1595,MO ,Low-Mod,Metro
1596,MO ,High,Non-metro
1597,MO ,High,Non-metro
1598,MO ,Mod-High,Metro
1599,MO ,Low,Non-metro
1600,MO ,High,Non-metro
1601,MT ,Low-Mod,Non-metro
1602,MT ,High,Non-metro
1603,MT ,High,Non-metro
1604,MT ,Low,Non-metro
1605,MT ,Low,Metro
1606,MT ,Low,Non-metro
1607,MT ,Low-Mod,Metro
1608,MT ,Low-Mod,Non-metro
1609,MT ,Low-Mod,Non-metro
1610,MT ,Low,Non-metro
1611,MT ,Low,Non-metro
1612,MT ,Low-Mod,Non-metro
1613,MT ,Low,Non-metro
1614,MT ,Low,Non-metro
1615,MT ,Low,Non-metro
1616,MT ,Low,Non-metro
1617,MT ,Low,Non-metro
1618,MT ,High,Non-metro
1619,MT ,Low,Metro
1620,MT ,Low,Non-metro
1621,MT ,Mod-High,Non-metro
1622,MT ,Low,Non-metro
1623,MT ,Low,Non-metro
1624,MT ,Mod-High,Non-metro
1625,MT ,Low,Non-metro
1626,MT ,Low-Mod,Non-metro
1627,MT ,Low-Mod,Non-metro
1628,MT ,Low,Non-metro
1629,MT ,Low,Non-metro
1630,MT ,Low,Non-metro
1631,MT ,Mod-High,Non-metro
1632,MT ,Low,Metro
1633,MT ,Low-Mod,Non-metro
1634,MT ,Low,Non-metro
1635,MT ,Low,Non-metro
1636,MT ,Low-Mod,Non-metro
1637,MT ,High,Non-metro
1638,MT ,Low,Non-metro
1639,MT ,Low-Mod,Non-metro
1640,MT ,Low,Non-metro
1641,MT ,Low,Non-metro
1642,MT ,Low,Non-metro
1643,MT ,High,Non-metro
1644,MT ,Mod-High,Non-metro
1645,MT ,Low-Mod,Non-metro
1646,MT ,Low,Non-metro
1647,MT ,Mod-High,Non-metro
1648,MT ,Low,Non-metro
1649,MT ,Low,Non-metro
1650,MT ,Low-Mod,Non-metro
1651,MT ,Low-Mod,Non-metro
1652,MT ,Low,Non-metro
1653,MT ,Low,Non-metro
1654,MT ,Mod-High,Non-metro
1655,MT ,Low-Mod,Non-metro
1656,MT ,Low,Metro
1657,NE ,Low-Mod,Non-metro
1658,NE ,Low,Non-metro
1659,NE ,Low,Non-metro
1660,NE ,Low,Non-metro
1661,NE ,Low,Non-metro
1662,NE ,Low,Non-metro
1663,NE ,Low-Mod,Non-metro
1664,NE ,Low,Non-metro
1665,NE ,Low,Non-metro
1666,NE ,Low-Mod,Non-metro
1667,NE ,Low-Mod,Non-metro
1668,NE ,Low,Non-metro
1669,NE ,Low,Metro
1670,NE ,Low,Non-metro
1671,NE ,Low,Non-metro
1672,NE ,Low,Non-metro
1673,NE ,Low,Non-metro
1674,NE ,Low,Non-metro
1675,NE ,Mod-High,Non-metro
1676,NE ,Low,Non-metro
1677,NE ,Low,Non-metro
1678,NE ,High,Metro
1679,NE ,Low,Non-metro
1680,NE ,High,Non-metro
1681,NE ,Low,Non-metro
1682,NE ,Low-Mod,Metro
1683,NE ,Mod-High,Non-metro
1684,NE ,Low-Mod,Metro
1685,NE ,Low-Mod,Non-metro
1686,NE ,Low,Non-metro
1687,NE ,Low,Non-metro
1688,NE ,Low,Non-metro
1689,NE ,Low,Non-metro
1690,NE ,Low,Non-metro
1691,NE ,Low,Non-metro
1692,NE ,Low,Non-metro
1693,NE ,Low,Non-metro
1694,NE ,Low,Non-metro
1695,NE ,Low,Non-metro
1696,NE ,Mod-High,Metro
1697,NE ,Low,Metro
1698,NE ,Low,Non-metro
1699,NE ,Low,Non-metro
1700,NE ,Low,Non-metro
1701,NE ,Low,Non-metro
1702,NE ,Low,Non-metro
1703,NE ,Low,Metro
1704,NE ,Low,Non-metro
1705,NE ,Mod-High,Non-metro
1706,NE ,Low,Non-metro
1707,NE ,Low,Non-metro
1708,NE ,Low,Non-metro
1709,NE ,Mod-High,Non-metro
1710,NE ,Low-Mod,Non-metro
1711,NE ,Low-Mod,Metro
1712,NE ,Low-Mod,Non-metro
1713,NE ,Low,Non-metro
1714,NE ,Low,Non-metro
1715,NE ,Mod-High,Non-metro
1716,NE ,Low,Non-metro
1717,NE ,Low,Metro
1718,NE ,Low-Mod,Non-metro
1719,NE ,Low,Non-metro
1720,NE ,Low,Non-metro
1721,NE ,Low,Non-metro
1722,NE ,Low,Non-metro
1723,NE ,Low,Non-metro
1724,NE ,Low,Non-metro
1725,NE ,Low,Non-metro
1726,NE ,Low,Non-metro
1727,NE ,Low-Mod,Non-metro
1728,NE ,Low,Non-metro
1729,NE ,Low,Non-metro
1730,NE ,Low,Non-metro
1731,NE ,Low,Non-metro
1732,NE ,Mod-High,Non-metro
1733,NE ,Low,Metro
1734,NE ,Low,Metro
1735,NE ,Mod-High,Non-metro
1736,NE ,Low,Metro
1737,NE ,Mod-High,Non-metro
1738,NE ,Low,Non-metro
1739,NE ,Low,Non-metro
1740,NE ,Low,Non-metro
1741,NE ,Low,Non-metro
1742,NE ,Low,Non-metro
1743,NE ,High,Non-metro
1744,NE ,Low,Non-metro
1745,NE ,Low,Metro
1746,NE ,Low,Non-metro
1747,NE ,Low,Non-metro
1748,NE ,Low,Non-metro
1749,NE ,Low,Non-metro
1750,NV ,High,Metro
1751,NV ,Mod-High,Non-metro
1752,NV ,Mod-High,Metro
1753,NV ,Low,Non-metro
1754,NV ,Mod-High,Non-metro
1755,NV ,Mod-High,Non-metro
1756,NV ,Low,Non-metro
1757,NV ,Mod-High,Non-metro
1758,NV ,High,Non-metro
1759,NV ,Low-Mod,Non-metro
1760,NV ,Mod-High,Non-metro
1761,NV ,High,Non-metro
1762,NV ,Mod-High,Non-metro
1763,NV ,High,Non-metro
1764,NV ,Low,Metro
1765,NV ,Mod-High,Metro
1766,NV ,Low-Mod,Non-metro
1767,NH ,Low,Non-metro
1768,NH ,Low,Non-metro
1769,NH ,Low,Non-metro
1770,NH ,Mod-High,Non-metro
1771,NH ,Low,Non-metro
1772,NH ,Low,Metro
1773,NH ,Low,Non-metro
1774,NH ,Low,Metro
1775,NH ,Low,Metro
1776,NH ,Low,Non-metro
1777,NJ ,High,Metro
1778,NJ ,Low,Metro
1779,NJ ,Low,Metro
1780,NJ ,Mod-High,Metro
1781,NJ ,Low-Mod,Metro
1782,NJ ,High,Metro
1783,NJ ,High,Metro
1784,NJ ,Low,Metro
1785,NJ ,Mod-High,Metro
1786,NJ ,Low,Metro
1787,NJ ,Mod-High,Metro
1788,NJ ,Low-Mod,Metro
1789,NJ ,Low,Metro
1790,NJ ,Low,Metro
1791,NJ ,Low-Mod,Metro
1792,NJ ,High,Metro
1793,NJ ,Mod-High,Metro
1794,NJ ,Low,Metro
1795,NJ ,Low,Metro
1796,NJ ,Mod-High,Metro
1797,NJ ,Low,Metro
1798,NM ,Mod-High,Metro
1799,NM ,Low-Mod,Non-metro
1800,NM ,High,Non-metro
1801,NM ,High,Non-metro
1802,NM ,High,Non-metro
1803,NM ,High,Non-metro
1804,NM ,Mod-High,Non-metro
1805,NM ,High,Metro
1806,NM ,Mod-High,Non-metro
1807,NM ,High,Non-metro
1808,NM ,High,Non-metro
1809,NM ,Low-Mod,Non-metro
1810,NM ,High,Non-metro
1811,NM ,High,Non-metro
1812,NM ,Low-Mod,Non-metro
1813,NM ,Low,Non-metro
1814,NM ,High,Non-metro
1815,NM ,High,Non-metro
1816,NM ,High,Non-metro
1817,NM ,High,Non-metro
1818,NM ,High,Non-metro
1819,NM ,,Non-metro
1820,NM ,High,Non-metro
1821,NM ,High,Metro
1822,NM ,High,Non-metro
1823,NM ,Low-Mod,Metro
1824,NM ,Mod-High,Metro
1825,NM ,High,Non-metro
1826,NM ,High,Non-metro
1827,NM ,High,Non-metro
1828,NM ,Mod-High,Metro
1829,NM ,Mod-High,Non-metro
1830,NM ,High,Metro
1831,NY ,Low-Mod,Metro
1832,NY ,Mod-High,Non-metro
1833,NY ,High,Metro
1834,NY ,Mod-High,Metro
1835,NY ,Mod-High,Non-metro
1836,NY ,Mod-High,Non-metro
1837,NY ,Mod-High,Non-metro
1838,NY ,Low-Mod,Metro
1839,NY ,Mod-High,Non-metro
1840,NY ,Mod-High,Non-metro
1841,NY ,Low-Mod,Non-metro
1842,NY ,Low-Mod,Non-metro
1843,NY ,Mod-High,Non-metro
1844,NY ,Low-Mod,Metro
1845,NY ,Low-Mod,Metro
1846,NY ,Low-Mod,Non-metro
1847,NY ,Mod-High,Non-metro
1848,NY ,Mod-High,Non-metro
1849,NY ,Low,Non-metro
1850,NY ,Low-Mod,Non-metro
1851,NY ,Low-Mod,Non-metro
1852,NY ,Mod-High,Metro
1853,NY ,Mod-High,Metro
1854,NY ,High,Metro
1855,NY ,Low-Mod,Non-metro
1856,NY ,Low-Mod,Metro
1857,NY ,Low,Metro
1858,NY ,Mod-High,Metro
1859,NY ,High,Non-metro
1860,NY ,Low,Metro
1861,NY ,Mod-High,Metro
1862,NY ,Low-Mod,Metro
1863,NY ,Mod-High,Metro
1864,NY ,Mod-High,Metro
1865,NY ,Low,Metro
1866,NY ,Mod-High,Metro
1867,NY ,Mod-High,Metro
1868,NY ,Mod-High,Metro
1869,NY ,Low-Mod,Non-metro
1870,NY ,Low,Metro
1871,NY ,Mod-High,Metro
1872,NY ,Low-Mod,Metro
1873,NY ,Low-Mod,Metro
1874,NY ,Mod-High,Metro
1875,NY ,Low,Metro
1876,NY ,Low-Mod,Metro
1877,NY ,Low-Mod,Metro
1878,NY ,Low-Mod,Non-metro
1879,NY ,Low-Mod,Non-metro
1880,NY ,Mod-High,Non-metro
1881,NY ,Low-Mod,Non-metro
1882,NY ,Low,Metro
1883,NY ,High,Non-metro
1884,NY ,Low,Metro
1885,NY ,Low-Mod,Metro
1886,NY ,Low-Mod,Metro
1887,NY ,Low,Metro
1888,NY ,Low-Mod,Metro
1889,NY ,Low-Mod,Metro
1890,NY ,Mod-High,Metro
1891,NY ,Low-Mod,Non-metro
1892,NY ,Low-Mod,Metro
1893,NC ,High,Metro
1894,NC ,Mod-High,Metro
1895,NC ,Mod-High,Non-metro
1896,NC ,High,Non-metro
1897,NC ,Low-Mod,Non-metro
1898,NC ,Mod-High,Non-metro
1899,NC ,Mod-High,Non-metro
1900,NC ,High,Non-metro
1901,NC ,High,Non-metro
1902,NC ,Low-Mod,Metro
1903,NC ,Low-Mod,Metro
1904,NC ,High,Metro
1905,NC ,Low-Mod,Metro
1906,NC ,Mod-High,Metro
1907,NC ,Low-Mod,Non-metro
1908,NC ,Low-Mod,Non-metro
1909,NC ,High,Non-metro
1910,NC ,Mod-High,Metro
1911,NC ,Low-Mod,Metro
1912,NC ,Low-Mod,Non-metro
1913,NC ,High,Non-metro
1914,NC ,Low,Non-metro
1915,NC ,High,Non-metro
1916,NC ,High,Non-metro
1917,NC ,High,Metro
1918,NC ,High,Metro
1919,NC ,Low,Metro
1920,NC ,Low,Non-metro
1921,NC ,Mod-High,Metro
1922,NC ,Low-Mod,Metro
1923,NC ,High,Non-metro
1924,NC ,Mod-High,Metro
1925,NC ,High,Metro
1926,NC ,Mod-High,Metro
1927,NC ,Mod-High,Metro
1928,NC ,Mod-High,Metro
1929,NC ,Low-Mod,Metro
1930,NC ,Mod-High,Non-metro
1931,NC ,Mod-High,Non-metro
1932,NC ,High,Non-metro
1933,NC ,Mod-High,Metro
1934,NC ,High,Non-metro
1935,NC ,High,Non-metro
1936,NC ,Low-Mod,Metro
1937,NC ,Low-Mod,Metro
1938,NC ,High,Non-metro
1939,NC ,High,Metro
1940,NC ,High,Non-metro
1941,NC ,Low-Mod,Metro
1942,NC ,Mod-High,Non-metro
1943,NC ,Mod-High,Metro
1944,NC ,High,Metro
1945,NC ,High,Non-metro
1946,NC ,High,Non-metro
1947,NC ,Low-Mod,Metro
1948,NC ,Low-Mod,Non-metro
1949,NC ,Low-Mod,Metro
1950,NC ,High,Non-metro
1951,NC ,High,Non-metro
1952,NC ,Low-Mod,Metro
1953,NC ,Low-Mod,Non-metro
1954,NC ,High,Non-metro
1955,NC ,Low-Mod,Non-metro
1956,NC ,High,Metro
1957,NC ,Low-Mod,Metro
1958,NC ,High,Non-metro
1959,NC ,Mod-High,Metro
1960,NC ,Low-Mod,Metro
1961,NC ,Mod-High,Metro
1962,NC ,High,Non-metro
1963,NC ,Mod-High,Metro
1964,NC ,Mod-High,Non-metro
1965,NC ,High,Metro
1966,NC ,High,Metro
1967,NC ,Low-Mod,Non-metro
1968,NC ,Mod-High,Metro
1969,NC ,High,Non-metro
1970,NC ,High,Non-metro
1971,NC ,High,Metro
1972,NC ,High,Metro
1973,NC ,High,Non-metro
1974,NC ,High,Non-metro
1975,NC ,High,Non-metro
1976,NC ,Mod-High,Non-metro
1977,NC ,Low-Mod,Metro
1978,NC ,Mod-High,Non-metro
1979,NC ,High,Non-metro
1980,NC ,Low-Mod,Non-metro
1981,NC ,High,Non-metro
1982,NC ,Low,Metro
1983,NC ,High,Non-metro
1984,NC ,Low-Mod,Metro
1985,NC ,High,Non-metro
1986,NC ,High,Non-metro
1987,NC ,Low-Mod,Non-metro
1988,NC ,High,Metro
1989,NC ,Mod-High,Non-metro
1990,NC ,High,Non-metro
1991,NC ,Mod-High,Metro
1992,NC ,Mod-High,Non-metro
1993,ND ,Low,Non-metro
1994,ND ,Low,Non-metro
1995,ND ,High,Non-metro
1996,ND ,Low,Non-metro
1997,ND ,Low,Non-metro
1998,ND ,Low,Non-metro
1999,ND ,Low,Non-metro
2000,ND ,Low,Metro
2001,ND ,Low,Metro
2002,ND ,Low,Non-metro
2003,ND ,Low,Non-metro
2004,ND ,Low,Non-metro
2005,ND ,Low,Non-metro
2006,ND ,Low-Mod,Non-metro
2007,ND ,Low,Non-metro
2008,ND ,Low,Non-metro
2009,ND ,Low,Non-metro
2010,ND ,Low-Mod,Metro
2011,ND ,Low,Non-metro
2012,ND ,Low,Non-metro
2013,ND ,Low,Non-metro
2014,ND ,Low,Non-metro
2015,ND ,Low,Non-metro
2016,ND ,Low,Non-metro
2017,ND ,Low,Non-metro
2018,ND ,Low,Non-metro
2019,ND ,Low-Mod,Non-metro
2020,ND ,Low,Non-metro
2021,ND ,Low,Non-metro
2022,ND ,Low,Metro
2023,ND ,Low-Mod,Non-metro
2024,ND ,Low,Non-metro
2025,ND ,Low,Metro
2026,ND ,Low,Non-metro
2027,ND ,Low,Non-metro
2028,ND ,Low-Mod,Non-metro
2029,ND ,Low,Non-metro
2030,ND ,Low,Non-metro
2031,ND ,Low,Non-metro
2032,ND ,High,Non-metro
2033,ND ,Low,Non-metro
2034,ND ,Low,Non-metro
2035,ND ,High,Metro
2036,ND ,Low,Non-metro
2037,ND ,Low,Non-metro
2038,ND ,Low,Non-metro
2039,ND ,Low,Non-metro
2040,ND ,Low,Non-metro
2041,ND ,Low,Non-metro
2042,ND ,Low-Mod,Non-metro
2043,ND ,Low,Non-metro
2044,ND ,Low,Non-metro
2045,ND ,Low-Mod,Non-metro
2046,OH ,High,Non-metro
2047,OH ,Mod-High,Metro
2048,OH ,Low-Mod,Non-metro
2049,OH ,High,Non-metro
2050,OH ,Mod-High,Non-metro
2051,OH ,Low,Non-metro
2052,OH ,Low-Mod,Metro
2053,OH ,Low-Mod,Metro
2054,OH ,Low-Mod,Metro
2055,OH ,Low,Metro
2056,OH ,Low-Mod,Non-metro
2057,OH ,Mod-High,Metro
2058,OH ,Low,Metro
2059,OH ,Low-Mod,Non-metro
2060,OH ,Low-Mod,Non-metro
2061,OH ,Mod-High,Non-metro
2062,OH ,Low-Mod,Non-metro
2063,OH ,Mod-High,Metro
2064,OH ,Low,Non-metro
2065,OH ,Low,Non-metro
2066,OH ,Low,Metro
2067,OH ,Low-Mod,Non-metro
2068,OH ,Low,Metro
2069,OH ,Mod-High,Non-metro
2070,OH ,Mod-High,Metro
2071,OH ,Low,Metro
2072,OH ,Mod-High,Non-metro
2073,OH ,Low,Metro
2074,OH ,Low,Metro
2075,OH ,Mod-High,Non-metro
2076,OH ,Mod-High,Metro
2077,OH ,Low,Non-metro
2078,OH ,Low-Mod,Non-metro
2079,OH ,Mod-High,Non-metro
2080,OH ,Low,Non-metro
2081,OH ,Mod-High,Non-metro
2082,OH ,Low-Mod,Metro
2083,OH ,Low-Mod,Non-metro
2084,OH ,Low-Mod,Non-metro
2085,OH ,High,Non-metro
2086,OH ,Mod-High,Metro
2087,OH ,Low-Mod,Non-metro
2088,OH ,Low,Metro
2089,OH ,Mod-High,Metro
2090,OH ,Low,Metro
2091,OH ,Low-Mod,Non-metro
2092,OH ,Mod-High,Metro
2093,OH ,Mod-High,Metro
2094,OH ,Low-Mod,Metro
2095,OH ,Mod-High,Metro
2096,OH ,Mod-High,Non-metro
2097,OH ,Low,Metro
2098,OH ,Mod-High,Non-metro
2099,OH ,Low,Non-metro
2100,OH ,Low,Metro
2101,OH ,Low-Mod,Non-metro
2102,OH ,Mod-High,Metro
2103,OH ,Mod-High,Non-metro
2104,OH ,Low,Metro
2105,OH ,Mod-High,Non-metro
2106,OH ,Low-Mod,Non-metro
2107,OH ,Low,Non-metro
2108,OH ,Low-Mod,Non-metro
2109,OH ,Mod-High,Metro
2110,OH ,Low-Mod,Metro
2111,OH ,High,Non-metro
2112,OH ,Low,Metro
2113,OH ,Low,Non-metro
2114,OH ,Low,Non-metro
2115,OH ,Mod-High,Metro
2116,OH ,Mod-High,Non-metro
2117,OH ,Low-Mod,Non-metro
2118,OH ,High,Non-metro
2119,OH ,Low-Mod,Non-metro
2120,OH ,Low,Non-metro
2121,OH ,Low-Mod,Metro
2122,OH ,Low-Mod,Metro
2123,OH ,Low-Mod,Metro
2124,OH ,Low-Mod,Non-metro
2125,OH ,Low,Metro
2126,OH ,Low,Non-metro
2127,OH ,Mod-High,Non-metro
2128,OH ,Low,Metro
2129,OH ,Low-Mod,Non-metro
2130,OH ,Low-Mod,Non-metro
2131,OH ,Low-Mod,Non-metro
2132,OH ,Low,Metro
2133,OH ,Low,Non-metro
2134,OK ,High,Non-metro
2135,OK ,Low-Mod,Non-metro
2136,OK ,High,Non-metro
2137,OK ,Low-Mod,Non-metro
2138,OK ,Mod-High,Non-metro
2139,OK ,Mod-High,Non-metro
2140,OK ,High,Non-metro
2141,OK ,High,Non-metro
2142,OK ,Low-Mod,Metro
2143,OK ,High,Non-metro
2144,OK ,High,Non-metro
2145,OK ,High,Non-metro
2146,OK ,Low-Mod,Non-metro
2147,OK ,Low-Mod,Metro
2148,OK ,High,Non-metro
2149,OK ,High,Metro
2150,OK ,Mod-High,Metro
2151,OK ,High,Non-metro
2152,OK ,Low-Mod,Metro
2153,OK ,High,Non-metro
2154,OK ,High,Non-metro
2155,OK ,Low,Non-metro
2156,OK ,Low-Mod,Non-metro
2157,OK ,Mod-High,Non-metro
2158,OK ,Mod-High,Non-metro
2159,OK ,Low-Mod,Metro
2160,OK ,Low,Non-metro
2161,OK ,High,Non-metro
2162,OK ,High,Non-metro
2163,OK ,Low-Mod,Non-metro
2164,OK ,High,Non-metro
2165,OK ,High,Non-metro
2166,OK ,High,Non-metro
2167,OK ,High,Non-metro
2168,OK ,High,Non-metro
2169,OK ,High,Non-metro
2170,OK ,Low-Mod,Non-metro
2171,OK ,Mod-High,Non-metro
2172,OK ,High,Non-metro
2173,OK ,High,Metro
2174,OK ,Low-Mod,Metro
2175,OK ,Low-Mod,Metro
2176,OK ,Mod-High,Non-metro
2177,OK ,Low-Mod,Non-metro
2178,OK ,High,Non-metro
2179,OK ,High,Non-metro
2180,OK ,Low,Metro
2181,OK ,High,Non-metro
2182,OK ,High,Non-metro
2183,OK ,Mod-High,Non-metro
2184,OK ,High,Non-metro
2185,OK ,Low-Mod,Non-metro
2186,OK ,Mod-High,Non-metro
2187,OK ,High,Non-metro
2188,OK ,Mod-High,Metro
2189,OK ,High,Metro
2190,OK ,Mod-High,Metro
2191,OK ,High,Non-metro
2192,OK ,Mod-High,Metro
2193,OK ,Mod-High,Non-metro
2194,OK ,High,Non-metro
2195,OK ,Mod-High,Non-metro
2196,OK ,High,Non-metro
2197,OK ,High,Non-metro
2198,OK ,Low-Mod,Non-metro
2199,OK ,Low-Mod,Metro
2200,OK ,High,Non-metro
2201,OK ,High,Metro
2202,OK ,Mod-High,Non-metro
2203,OK ,High,Non-metro
2204,OK ,High,Non-metro
2205,OK ,Mod-High,Metro
2206,OK ,Low-Mod,Metro
2207,OK ,Low-Mod,Non-metro
2208,OK ,Low-Mod,Non-metro
2209,OK ,Low-Mod,Non-metro
2210,OK ,Mod-High,Non-metro
2211,OR ,Mod-High,Non-metro
2212,OR ,Low-Mod,Metro
2213,OR ,Low,Metro
2214,OR ,Mod-High,Non-metro
2215,OR ,Low-Mod,Metro
2216,OR ,Mod-High,Non-metro
2217,OR ,Mod-High,Non-metro
2218,OR ,Low-Mod,Non-metro
2219,OR ,Low,Metro
2220,OR ,Mod-High,Non-metro
2221,OR ,Mod-High,Non-metro
2222,OR ,Mod-High,Non-metro
2223,OR ,Mod-High,Non-metro
2224,OR ,Mod-High,Non-metro
2225,OR ,Mod-High,Metro
2226,OR ,High,Non-metro
2227,OR ,Mod-High,Metro
2228,OR ,High,Non-metro
2229,OR ,High,Non-metro
2230,OR ,Mod-High,Metro
2231,OR ,Mod-High,Non-metro
2232,OR ,Mod-High,Metro
2233,OR ,High,Non-metro
2234,OR ,High,Metro
2235,OR ,High,Non-metro
2236,OR ,Low-Mod,Metro
2237,OR ,Mod-High,Metro
2238,OR ,Low,Non-metro
2239,OR ,Mod-High,Non-metro
2240,OR ,High,Non-metro
2241,OR ,Mod-High,Non-metro
2242,OR ,Mod-High,Non-metro
2243,OR ,High,Non-metro
2244,OR ,Low-Mod,Metro
2245,OR ,Low-Mod,Non-metro
2246,OR ,Mod-High,Metro
2247,PA ,Low,Metro
2248,PA ,Low-Mod,Metro
2249,PA ,Low,Metro
2250,PA ,Low,Metro
2251,PA ,Low-Mod,Non-metro
2252,PA ,Mod-High,Metro
2253,PA ,Low-Mod,Metro
2254,PA ,Low-Mod,Non-metro
2255,PA ,Low,Metro
2256,PA ,Low,Metro
2257,PA ,Low-Mod,Metro
2258,PA ,Low-Mod,Non-metro
2259,PA ,Low-Mod,Metro
2260,PA ,Low-Mod,Metro
2261,PA ,Low,Metro
2262,PA ,Low-Mod,Non-metro
2263,PA ,Mod-High,Non-metro
2264,PA ,Low-Mod,Non-metro
2265,PA ,Low-Mod,Metro
2266,PA ,Mod-High,Non-metro
2267,PA ,Low,Metro
2268,PA ,Low-Mod,Metro
2269,PA ,Low-Mod,Metro
2270,PA ,Low,Non-metro
2271,PA ,Mod-High,Metro
2272,PA ,Mod-High,Metro
2273,PA ,Mod-High,Non-metro
2274,PA ,Low-Mod,Metro
2275,PA ,Low,Non-metro
2276,PA ,Low-Mod,Non-metro
2277,PA ,Low-Mod,Non-metro
2278,PA ,Mod-High,Non-metro
2279,PA ,Low-Mod,Non-metro
2280,PA ,Low-Mod,Non-metro
2281,PA ,Mod-High,Metro
2282,PA ,Low-Mod,Metro
2283,PA ,Low-Mod,Non-metro
2284,PA ,Mod-High,Metro
2285,PA ,Mod-High,Metro
2286,PA ,Mod-High,Metro
2287,PA ,Low-Mod,Metro
2288,PA ,Mod-High,Non-metro
2289,PA ,Mod-High,Metro
2290,PA ,Low-Mod,Non-metro
2291,PA ,Low-Mod,Metro
2292,PA ,Low,Metro
2293,PA ,Low-Mod,Metro
2294,PA ,Low-Mod,Metro
2295,PA ,Mod-High,Non-metro
2296,PA ,Low,Metro
2297,PA ,High,Metro
2298,PA ,Low,Metro
2299,PA ,Low-Mod,Non-metro
2300,PA ,Low-Mod,Non-metro
2301,PA ,Low,Non-metro
2302,PA ,Low-Mod,Non-metro
2303,PA ,Low-Mod,Non-metro
2304,PA ,Low,Non-metro
2305,PA ,Low-Mod,Non-metro
2306,PA ,Low-Mod,Non-metro
2307,PA ,Low-Mod,Non-metro
2308,PA ,Low,Non-metro
2309,PA ,Low,Metro
2310,PA ,Low-Mod,Non-metro
2311,PA ,Low,Metro
2312,PA ,Low,Metro
2313,PA ,Low-Mod,Metro
2314,PR ,High,Non-metro
2315,PR ,Low,Metro
2316,PR ,Mod-High,Metro
2317,PR ,Mod-High,Metro
2318,PR ,Low-Mod,Metro
2319,PR ,Low,Metro
2320,PR ,Low-Mod,Metro
2321,PR ,High,Metro
2322,PR ,Low-Mod,Metro
2323,PR ,High,Metro
2324,PR ,Low,Metro
2325,PR ,Mod-High,Metro
2326,PR ,Low,Metro
2327,PR ,Low,Metro
2328,PR ,Low-Mod,Metro
2329,PR ,Low,Metro
2330,PR ,High,Metro
2331,PR ,Low-Mod,Metro
2332,PR ,Low-Mod,Metro
2333,PR ,High,Metro
2334,PR ,Low-Mod,Metro
2335,PR ,Low-Mod,Non-metro
2336,PR ,High,Metro
2337,PR ,High,Metro
2338,PR ,Low,Non-metro
2339,PR ,Low,Metro
2340,PR ,Mod-High,Metro
2341,PR ,Low,Metro
2342,PR ,High,Metro
2343,PR ,Mod-High,Metro
2344,PR ,High,Metro
2345,PR ,Low,Metro
2346,PR ,Low,Metro
2347,PR ,Low,Metro
2348,PR ,Mod-High,Metro
2349,PR ,Low,Metro
2350,PR ,Low-Mod,Metro
2351,PR ,High,Non-metro
2352,PR ,Low-Mod,Metro
2353,PR ,Mod-High,Metro
2354,PR ,High,Metro
2355,PR ,High,Metro
2356,PR ,Mod-High,Non-metro
2357,PR ,Low,Metro
2358,PR ,High,Metro
2359,PR ,Low-Mod,Metro
2360,PR ,Mod-High,Metro
2361,PR ,High,Non-metro
2362,PR ,Mod-High,Metro
2363,PR ,High,Metro
2364,PR ,High,Metro
2365,PR ,Mod-High,Metro
2366,PR ,Low-Mod,Metro
2367,PR ,Mod-High,Metro
2368,PR ,High,Metro
2369,PR ,Low-Mod,Metro
2370,PR ,Mod-High,Metro
2371,PR ,Mod-High,Metro
2372,PR ,Low-Mod,Metro
2373,PR ,Low,Metro
2374,PR ,Mod-High,Metro
2375,PR ,Mod-High,Metro
2376,PR ,High,Non-metro
2377,PR ,Low-Mod,Metro
2378,PR ,Low,Metro
2379,PR ,Low-Mod,Metro
2380,PR ,High,Metro
2381,PR ,Low-Mod,Non-metro
2382,PR ,Low,Metro
2383,PR ,Low,Metro
2384,PR ,Low,Metro
2385,PR ,Low-Mod,Metro
2386,PR ,Mod-High,Metro
2387,PR ,Low-Mod,Metro
2388,PR ,Low,Non-metro
2389,PR ,High,Metro
2390,PR ,Mod-High,Metro
2391,PR ,Mod-High,Metro
2392,RI ,Low,Metro
2393,RI ,Low,Metro
2394,RI ,Low,Metro
2395,RI ,High,Metro
2396,RI ,Low,Metro
2397,SC ,High,Non-metro
2398,SC ,Mod-High,Metro
2399,SC ,High,Non-metro
2400,SC ,Mod-High,Metro
2401,SC ,High,Non-metro
2402,SC ,High,Non-metro
2403,SC ,Low-Mod,Metro
2404,SC ,Mod-High,Metro
2405,SC ,Mod-High,Metro
2406,SC ,Low-Mod,Metro
2407,SC ,Mod-High,Non-metro
2408,SC ,Mod-High,Metro
2409,SC ,High,Non-metro
2410,SC ,High,Non-metro
2411,SC ,High,Non-metro
2412,SC ,High,Metro
2413,SC ,High,Non-metro
2414,SC ,Low-Mod,Metro
2415,SC ,High,Metro
2416,SC ,Mod-High,Metro
2417,SC ,High,Metro
2418,SC ,Mod-High,Non-metro
2419,SC ,Mod-High,Metro
2420,SC ,High,Non-metro
2421,SC ,High,Non-metro
2422,SC ,Mod-High,Metro
2423,SC ,High,Metro
2424,SC ,Low-Mod,Metro
2425,SC ,Mod-High,Metro
2426,SC ,High,Metro
2427,SC ,High,Non-metro
2428,SC ,Low-Mod,Metro
2429,SC ,High,Non-metro
2430,SC ,High,Non-metro
2431,SC ,Mod-High,Non-metro
2432,SC ,High,Non-metro
2433,SC ,Mod-High,Non-metro
2434,SC ,High,Non-metro
2435,SC ,Mod-High,Metro
2436,SC ,Mod-High,Metro
2437,SC ,High,Metro
2438,SC ,High,Metro
2439,SC ,High,Metro
2440,SC ,High,Metro
2441,SC ,High,Non-metro
2442,SC ,Low-Mod,Metro
2443,SD ,Low-Mod,Non-metro
2444,SD ,Mod-High,Non-metro
2445,SD ,High,Non-metro
2446,SD ,Low,Non-metro
2447,SD ,Low,Non-metro
2448,SD ,Low-Mod,Non-metro
2449,SD ,Mod-High,Non-metro
2450,SD ,High,Non-metro
2451,SD ,Low-Mod,Non-metro
2452,SD ,Low,Non-metro
2453,SD ,Mod-High,Non-metro
2454,SD ,Low,Non-metro
2455,SD ,Low,Non-metro
2456,SD ,Low,Non-metro
2457,SD ,High,Non-metro
2458,SD ,Low,Metro
2459,SD ,Low,Non-metro
2460,SD ,Low,Non-metro
2461,SD ,Low,Non-metro
2462,SD ,High,Non-metro
2463,SD ,Low,Non-metro
2464,SD ,Low,Non-metro
2465,SD ,Low-Mod,Non-metro
2466,SD ,Low,Non-metro
2467,SD ,Low,Non-metro
2468,SD ,Low-Mod,Non-metro
2469,SD ,Low-Mod,Non-metro
2470,SD ,Low,Non-metro
2471,SD ,Low,Non-metro
2472,SD ,Low,Non-metro
2473,SD ,Low,Non-metro
2474,SD ,Low-Mod,Non-metro
2475,SD ,Low,Non-metro
2476,SD ,Low,Non-metro
2477,SD ,High,Non-metro
2478,SD ,Low,Non-metro
2479,SD ,Low,Non-metro
2480,SD ,Low,Non-metro
2481,SD ,Low,Non-metro
2482,SD ,Low-Mod,Non-metro
2483,SD ,Low,Metro
2484,SD ,Mod-High,Non-metro
2485,SD ,Low,Non-metro
2486,SD ,Low,Metro
2487,SD ,Low-Mod,Non-metro
2488,SD ,Low,Metro
2489,SD ,High,Non-metro
2490,SD ,Low,Non-metro
2491,SD ,Low-Mod,Metro
2492,SD ,Low-Mod,Non-metro
2493,SD ,High,Non-metro
2494,SD ,Low-Mod,Metro
2495,SD ,Low,Non-metro
2496,SD ,Low,Non-metro
2497,SD ,Mod-High,Non-metro
2498,SD ,Low,Non-metro
2499,SD ,Low,Non-metro
2500,SD ,Low,Non-metro
2501,SD ,Low,Non-metro
2502,SD ,High,Non-metro
2503,SD ,Low-Mod,Non-metro
2504,SD ,Low,Metro
2505,SD ,Low,Metro
2506,SD ,Low-Mod,Non-metro
2507,SD ,Low-Mod,Non-metro
2508,SD ,High,Non-metro
2509,TN ,Mod-High,Metro
2510,TN ,High,Non-metro
2511,TN ,Mod-High,Non-metro
2512,TN ,High,Non-metro
2513,TN ,Low,Metro
2514,TN ,Mod-High,Metro
2515,TN ,Mod-High,Metro
2516,TN ,Low-Mod,Metro
2517,TN ,Mod-High,Non-metro
2518,TN ,Mod-High,Metro
2519,TN ,Low,Metro
2520,TN ,Mod-High,Metro
2521,TN ,Mod-High,Non-metro
2522,TN ,Mod-High,Non-metro
2523,TN ,Mod-High,Non-metro
2524,TN ,Low-Mod,Non-metro
2525,TN ,High,Metro
2526,TN ,Mod-High,Non-metro
2527,TN ,Mod-High,Metro
2528,TN ,Mod-High,Non-metro
2529,TN ,Low-Mod,Non-metro
2530,TN ,Low-Mod,Metro
2531,TN ,High,Non-metro
2532,TN ,Low-Mod,Metro
2533,TN ,Mod-High,Non-metro
2534,TN ,Low-Mod,Non-metro
2535,TN ,Mod-High,Non-metro
2536,TN ,Mod-High,Non-metro
2537,TN ,Mod-High,Metro
2538,TN ,Mod-High,Non-metro
2539,TN ,High,Non-metro
2540,TN ,High,Metro
2541,TN ,Low-Mod,Metro
2542,TN ,High,Non-metro
2543,TN ,High,Non-metro
2544,TN ,Mod-High,Non-metro
2545,TN ,Mod-High,Metro
2546,TN ,High,Non-metro
2547,TN ,Mod-High,Non-metro
2548,TN ,Mod-High,Non-metro
2549,TN ,Mod-High,Metro
2550,TN ,Mod-High,Non-metro
2551,TN ,Low-Mod,Non-metro
2552,TN ,Mod-High,Non-metro
2553,TN ,Mod-High,Metro
2554,TN ,Mod-High,Non-metro
2555,TN ,Low-Mod,Metro
2556,TN ,High,Non-metro
2557,TN ,High,Non-metro
2558,TN ,High,Non-metro
2559,TN ,Mod-High,Non-metro
2560,TN ,Mod-High,Non-metro
2561,TN ,Low-Mod,Metro
2562,TN ,Mod-High,Metro
2563,TN ,Mod-High,Metro
2564,TN ,Mod-High,Metro
2565,TN ,Mod-High,Non-metro
2566,TN ,Low-Mod,Metro
2567,TN ,Mod-High,Non-metro
2568,TN ,Mod-High,Non-metro
2569,TN ,Low-Mod,Non-metro
2570,TN ,Mod-High,Non-metro
2571,TN ,Mod-High,Metro
2572,TN ,Low,Non-metro
2573,TN ,Mod-High,Metro
2574,TN ,High,Non-metro
2575,TN ,Low-Mod,Non-metro
2576,TN ,Mod-High,Non-metro
2577,TN ,Low-Mod,Non-metro
2578,TN ,Low-Mod,Metro
2579,TN ,Mod-High,Non-metro
2580,TN ,High,Non-metro
2581,TN ,Low-Mod,Metro
2582,TN ,Low-Mod,Metro
2583,TN ,Low-Mod,Metro
2584,TN ,High,Non-metro
2585,TN ,Mod-High,Metro
2586,TN ,Mod-High,Non-metro
2587,TN ,High,Metro
2588,TN ,Low-Mod,Metro
2589,TN ,Low-Mod,Non-metro
2590,TN ,Mod-High,Metro
2591,TN ,Low,Metro
2592,TN ,Low-Mod,Metro
2593,TN ,Mod-High,Metro
2594,TN ,High,Metro
2595,TN ,Mod-High,Metro
2596,TN ,Mod-High,Non-metro
2597,TN ,High,Non-metro
2598,TN ,Low-Mod,Metro
2599,TN ,High,Non-metro
2600,TN ,Mod-High,Non-metro
2601,TN ,Mod-High,Non-metro
2602,TN ,Low,Metro
2603,TN ,Low,Metro
2604,TX ,High,Non-metro
2605,TX ,Low-Mod,Non-metro
2606,TX ,High,Non-metro
2607,TX ,High,Metro
2608,TX ,Low,Metro
2609,TX ,Low,Metro
2610,TX ,High,Metro
2611,TX ,Low-Mod,Metro
2612,TX ,High,Non-metro
2613,TX ,Mod-High,Metro
2614,TX ,Mod-High,Metro
2615,TX ,Low,Non-metro
2616,TX ,High,Non-metro
2617,TX ,High,Metro
2618,TX ,High,Metro
2619,TX ,Low-Mod,Non-metro
2620,TX ,Low,Non-metro
2621,TX ,Mod-High,Non-metro
2622,TX ,High,Metro
2623,TX ,Mod-High,Metro
2624,TX ,Mod-High,Metro
2625,TX ,Mod-High,Non-metro
2626,TX ,Low-Mod,Non-metro
2627,TX ,High,Non-metro
2628,TX ,Mod-High,Non-metro
2629,TX ,Mod-High,Metro
2630,TX ,Mod-High,Non-metro
2631,TX ,High,Metro
2632,TX ,High,Non-metro
2633,TX ,Low-Mod,Metro
2634,TX ,High,Metro
2635,TX ,High,Non-metro
2636,TX ,Low,Metro
2637,TX ,High,Non-metro
2638,TX ,High,Non-metro
2639,TX ,Low-Mod,Metro
2640,TX ,High,Non-metro
2641,TX ,Mod-High,Non-metro
2642,TX ,Low-Mod,Metro
2643,TX ,High,Non-metro
2644,TX ,Mod-High,Non-metro
2645,TX ,Low-Mod,Non-metro
2646,TX ,Low,Metro
2647,TX ,High,Non-metro
2648,TX ,Mod-High,Non-metro
2649,TX ,Low,Metro
2650,TX ,Mod-High,Non-metro
2651,TX ,Low-Mod,Non-metro
2652,TX ,Mod-High,Non-metro
2653,TX ,High,Metro
2654,TX ,High,Non-metro
2655,TX ,Low-Mod,Non-metro
2656,TX ,Mod-High,Non-metro
2657,TX ,High,Metro
2658,TX ,High,Non-metro
2659,TX ,Mod-High,Non-metro
2660,TX ,High,Metro
2661,TX ,High,Non-metro
2662,TX ,High,Non-metro
2663,TX ,Mod-High,Non-metro
2664,TX ,Low,Metro
2665,TX ,High,Non-metro
2666,TX ,High,Non-metro
2667,TX ,High,Non-metro
2668,TX ,Low-Mod,Non-metro
2669,TX ,High,Non-metro
2670,TX ,High,Non-metro
2671,TX ,High,Metro
2672,TX ,Low-Mod,Non-metro
2673,TX ,High,Metro
2674,TX ,Low-Mod,Metro
2675,TX ,Mod-High,Non-metro
2676,TX ,High,Metro
2677,TX ,Mod-High,Non-metro
2678,TX ,Low-Mod,Non-metro
2679,TX ,Low-Mod,Non-metro
2680,TX ,High,Non-metro
2681,TX ,Low-Mod,Non-metro
2682,TX ,Low-Mod,Metro
2683,TX ,Mod-High,Non-metro
2684,TX ,High,Non-metro
2685,TX ,High,Non-metro
2686,TX ,Mod-High,Non-metro
2687,TX ,Mod-High,Metro
2688,TX ,Mod-High,Non-metro
2689,TX ,Low-Mod,Non-metro
2690,TX ,Low,Non-metro
2691,TX ,Mod-High,Metro
2692,TX ,High,Non-metro
2693,TX ,High,Non-metro
2694,TX ,Mod-High,Metro
2695,TX ,High,Metro
2696,TX ,High,Non-metro
2697,TX ,Low-Mod,Metro
2698,TX ,High,Non-metro
2699,TX ,High,Non-metro
2700,TX ,Mod-High,Non-metro
2701,TX ,High,Non-metro
2702,TX ,Mod-High,Non-metro
2703,TX ,Low-Mod,Metro
2704,TX ,Mod-High,Metro
2705,TX ,Mod-High,Non-metro
2706,TX ,Mod-High,Non-metro
2707,TX ,High,Non-metro
2708,TX ,Low-Mod,Metro
2709,TX ,Mod-High,Non-metro
2710,TX ,Mod-High,Non-metro
2711,TX ,High,Metro
2712,TX ,High,Non-metro
2713,TX ,High,Non-metro
2714,TX ,Low-Mod,Metro
2715,TX ,Mod-High,Non-metro
2716,TX ,High,Non-metro
2717,TX ,High,Non-metro
2718,TX ,High,Metro
2719,TX ,High,Metro
2720,TX ,Mod-High,Non-metro
2721,TX ,Low,Metro
2722,TX ,Mod-High,Non-metro
2723,TX ,Mod-High,Non-metro
2724,TX ,High,Non-metro
2725,TX ,Low-Mod,Non-metro
2726,TX ,High,Metro
2727,TX ,High,Non-metro
2728,TX ,High,Non-metro
2729,TX ,Mod-High,Metro
2730,TX ,Mod-High,Metro
2731,TX ,High,Non-metro
2732,TX ,Mod-High,Metro
2733,TX ,Low,Metro
2734,TX ,Mod-High,Non-metro
2735,TX ,Low-Mod,Non-metro
2736,TX ,Mod-High,Non-metro
2737,TX ,Mod-High,Non-metro
2738,TX ,Low,Non-metro
2739,TX ,High,Non-metro
2740,TX ,High,Non-metro
2741,TX ,High,Non-metro
2742,TX ,High,Non-metro
2743,TX ,High,Non-metro
2744,TX ,High,Non-metro
2745,TX ,Mod-High,Metro
2746,TX ,Mod-High,Non-metro
2747,TX ,Mod-High,Non-metro
2748,TX ,Mod-High,Non-metro
2749,TX ,High,Metro
2750,TX ,High,Non-metro
2751,TX ,Low-Mod,Non-metro
2752,TX ,Mod-High,Non-metro
2753,TX ,Low-Mod,Non-metro
2754,TX ,High,Non-metro
2755,TX ,Mod-High,Metro
2756,TX ,High,Metro
2757,TX ,High,Non-metro
2758,TX ,Mod-High,Non-metro
2759,TX ,Low-Mod,Metro
2760,TX ,Low-Mod,Non-metro
2761,TX ,High,Non-metro
2762,TX ,High,Non-metro
2763,TX ,Mod-High,Non-metro
2764,TX ,High,Metro
2765,TX ,High,Non-metro
2766,TX ,Mod-High,Metro
2767,TX ,Mod-High,Non-metro
2768,TX ,Low-Mod,Metro
2769,TX ,High,Non-metro
2770,TX ,High,Non-metro
2771,TX ,Mod-High,Non-metro
2772,TX ,Mod-High,Non-metro
2773,TX ,Low-Mod,Metro
2774,TX ,Mod-High,Non-metro
2775,TX ,Mod-High,Non-metro
2776,TX ,Mod-High,Non-metro
2777,TX ,High,Non-metro
2778,TX ,High,Non-metro
2779,TX ,Mod-High,Metro
2780,TX ,High,Non-metro
2781,TX ,High,Metro
2782,TX ,Mod-High,Non-metro
2783,TX ,Low-Mod,Metro
2784,TX ,Mod-High,Metro
2785,TX ,High,Non-metro
2786,TX ,Mod-High,Non-metro
2787,TX ,Low-Mod,Metro
2788,TX ,High,Non-metro
2789,TX ,High,Non-metro
2790,TX ,High,Non-metro
2791,TX ,High,Metro
2792,TX ,High,Non-metro
2793,TX ,Low-Mod,Non-metro
2794,TX ,Low,Metro
2795,TX ,Low-Mod,Non-metro
2796,TX ,Mod-High,Non-metro
2797,TX ,Mod-High,Non-metro
2798,TX ,High,Non-metro
2799,TX ,High,Non-metro
2800,TX ,Low,Non-metro
2801,TX ,High,Metro
2802,TX ,Low,Metro
2803,TX ,Mod-High,Non-metro
2804,TX ,High,Metro
2805,TX ,Mod-High,Non-metro
2806,TX ,High,Non-metro
2807,TX ,Mod-High,Non-metro
2808,TX ,High,Metro
2809,TX ,Mod-High,Non-metro
2810,TX ,Mod-High,Non-metro
2811,TX ,Mod-High,Non-metro
2812,TX ,Mod-High,Non-metro
2813,TX ,High,Non-metro
2814,TX ,Low-Mod,Non-metro
2815,TX ,Mod-High,Metro
2816,TX ,Mod-High,Metro
2817,TX ,High,Non-metro
2818,TX ,High,Non-metro
2819,TX ,Low-Mod,Non-metro
2820,TX ,Low-Mod,Non-metro
2821,TX ,Mod-High,Non-metro
2822,TX ,High,Non-metro
2823,TX ,Mod-High,Metro
2824,TX ,Mod-High,Metro
2825,TX ,Low-Mod,Non-metro
2826,TX ,High,Non-metro
2827,TX ,Low-Mod,Non-metro
2828,TX ,High,Non-metro
2829,TX ,Mod-High,Metro
2830,TX ,Low-Mod,Metro
2831,TX ,High,Non-metro
2832,TX ,High,Non-metro
2833,TX ,Mod-High,Metro
2834,TX ,Mod-High,Non-metro
2835,TX ,High,Non-metro
2836,TX ,High,Non-metro
2837,TX ,Mod-High,Non-metro
2838,TX ,High,Metro
2839,TX ,Mod-High,Non-metro
2840,TX ,High,Metro
2841,TX ,Mod-High,Non-metro
2842,TX ,Mod-High,Non-metro
2843,TX ,High,Metro
2844,TX ,High,Non-metro
2845,TX ,Mod-High,Non-metro
2846,TX ,High,Metro
2847,TX ,High,Non-metro
2848,TX ,High,Non-metro
2849,TX ,Low,Metro
2850,TX ,Low-Mod,Metro
2851,TX ,Mod-High,Non-metro
2852,TX ,Mod-High,Metro
2853,TX ,Mod-High,Non-metro
2854,TX ,Low-Mod,Non-metro
2855,TX ,Mod-High,Non-metro
2856,TX ,High,Non-metro
2857,TX ,High,Non-metro
2858,UT ,Low-Mod,Non-metro
2859,UT ,Low,Metro
2860,UT ,Low-Mod,Metro
2861,UT ,Mod-High,Non-metro
2862,UT ,Low,Non-metro
2863,UT ,Low,Metro
2864,UT ,Low-Mod,Non-metro
2865,UT ,Low-Mod,Non-metro
2866,UT ,Low-Mod,Non-metro
2867,UT ,Mod-High,Non-metro
2868,UT ,Low-Mod,Non-metro
2869,UT ,Low,Metro
2870,UT ,Low,Non-metro
2871,UT ,Low-Mod,Non-metro
2872,UT ,Low,Metro
2873,UT ,Low-Mod,Non-metro
2874,UT ,Low,Non-metro
2875,UT ,Low-Mod,Metro
2876,UT ,High,Non-metro
2877,UT ,Mod-High,Non-metro
2878,UT ,Low-Mod,Non-metro
2879,UT ,Low,Non-metro
2880,UT ,Low-Mod,Metro
2881,UT ,Low-Mod,Non-metro
2882,UT ,Low-Mod,Metro
2883,UT ,Low,Non-metro
2884,UT ,Low-Mod,Metro
2885,UT ,Low-Mod,Non-metro
2886,UT ,Low-Mod,Metro
2887,VT ,Low,Non-metro
2888,VT ,Low-Mod,Non-metro
2889,VT ,Low-Mod,Non-metro
2890,VT ,Low,Metro
2891,VT ,Low,Non-metro
2892,VT ,Low,Metro
2893,VT ,Low,Metro
2894,VT ,Low,Non-metro
2895,VT ,Low,Non-metro
2896,VT ,Low-Mod,Non-metro
2897,VT ,Low-Mod,Non-metro
2898,VT ,Low,Non-metro
2899,VT ,Low-Mod,Non-metro
2900,VT ,Low,Non-metro
2901,VA ,High,Non-metro
2902,VA ,Low,Metro
2903,VA ,Low,Metro
2904,VA ,Low-Mod,Non-metro
2905,VA ,Low-Mod,Metro
2906,VA ,Low-Mod,Metro
2907,VA ,Low-Mod,Metro
2908,VA ,Low,Metro
2909,VA ,Low,Metro
2910,VA ,Low,Non-metro
2911,VA ,Low,Metro
2912,VA ,Low-Mod,Non-metro
2913,VA ,Low,Metro
2914,VA ,High,Metro
2915,VA ,High,Non-metro
2916,VA ,High,Non-metro
2917,VA ,High,Metro
2918,VA ,Low-Mod,Non-metro
2919,VA ,Low-Mod,Metro
2920,VA ,Low-Mod,Metro
2921,VA ,Low-Mod,Non-metro
2922,VA ,Low,Metro
2923,VA ,Mod-High,Non-metro
2924,VA ,Low-Mod,Metro
2925,VA ,Low-Mod,Metro
2926,VA ,Low,Metro
2927,VA ,Low,Metro
2928,VA ,Mod-High,Metro
2929,VA ,Low-Mod,Non-metro
2930,VA ,Low,Metro
2931,VA ,Low-Mod,Metro
2932,VA ,Mod-High,Non-metro
2933,VA ,High,Non-metro
2934,VA ,Mod-High,Non-metro
2935,VA ,Low-Mod,Metro
2936,VA ,High,Non-metro
2937,VA ,Mod-High,Non-metro
2938,VA ,Low,Metro
2939,VA ,Low,Metro
2940,VA ,Low,Metro
2941,VA ,Low,Metro
2942,VA ,Low,Metro
2943,VA ,Low,Metro
2944,VA ,Mod-High,Non-metro
2945,VA ,Low-Mod,Metro
2946,VA ,Low,Metro
2947,VA ,Mod-High,Metro
2948,VA ,High,Non-metro
2949,VA ,Low-Mod,Metro
2950,VA ,Low,Metro
2951,VA ,Low,Metro
2952,VA ,Mod-High,Non-metro
2953,VA ,Low,Metro
2954,VA ,High,Non-metro
2955,VA ,Mod-High,Non-metro
2956,VA ,Mod-High,Metro
2957,VA ,Low,Metro
2958,VA ,High,Metro
2959,VA ,Low-Mod,Metro
2960,VA ,High,Non-metro
2961,VA ,Low,Non-metro
2962,VA ,High,Metro
2963,VA ,Low-Mod,Metro
2964,VA ,Low,Metro
2965,VA ,Low-Mod,Non-metro
2966,VA ,Low,Non-metro
2967,VA ,Low,Metro
2968,VA ,Low,Non-metro
2969,VA ,High,Non-metro
2970,VA ,Low-Mod,Non-metro
2971,VA ,Low,Metro
2972,VA ,Low-Mod,Non-metro
2973,VA ,High,Non-metro
2974,VA ,Mod-High,Metro
2975,VA ,Low,Non-metro
2976,VA ,Low-Mod,Metro
2977,VA ,Mod-High,Metro
2978,VA ,High,Non-metro
2979,VA ,Low,Metro
2980,VA ,High,Non-metro
2981,VA ,Low,Non-metro
2982,VA ,Low-Mod,Metro
2983,VA ,Low-Mod,Metro
2984,VA ,Low,Metro
2985,VA ,High,Metro
2986,VA ,High,Metro
2987,VA ,Mod-High,Non-metro
2988,VA ,Low,Non-metro
2989,VA ,High,Non-metro
2990,VA ,High,Non-metro
2991,VA ,Low-Mod,Non-metro
2992,VA ,Low-Mod,Non-metro
2993,VA ,Mod-High,Non-metro
2994,VA ,High,Metro
2995,VA ,Mod-High,Non-metro
2996,VA ,Low,Metro
2997,VA ,High,Metro
2998,VA ,Low,Metro
2999,VA ,Mod-High,Non-metro
3000,VA ,Low-Mod,Metro
3001,VA ,Low-Mod,Metro
3002,VA ,Low-Mod,Metro
3003,VA ,Low-Mod,Metro
3004,VA ,Low,Metro
3005,VA ,High,Metro
3006,VA ,Mod-High,Non-metro
3007,VA ,High,Metro
3008,VA ,Low,Metro
3009,VA ,Low,Non-metro
3010,VA ,Low-Mod,Metro
3011,VA ,Low-Mod,Non-metro
3012,VA ,Low-Mod,Metro
3013,VA ,Mod-High,Metro
3014,VA ,Low-Mod,Non-metro
3015,VA ,High,Non-metro
3016,VA ,Low-Mod,Non-metro
3017,VA ,Low,Metro
3018,VA ,Low,Metro
3019,VA ,Low-Mod,Metro
3020,VA ,Low-Mod,Metro
3021,VA ,Low-Mod,Non-metro
3022,VA ,High,Metro
3023,VA ,Mod-High,Non-metro
3024,VA ,Low,Metro
3025,VA ,Low-Mod,Metro
3026,VA ,Low-Mod,Metro
3027,VA ,Mod-High,Metro
3028,VA ,Low-Mod,Non-metro
3029,VA ,Low-Mod,Metro
3030,VA ,Mod-High,Metro
3031,VA ,High,Non-metro
3032,VA ,Low-Mod,Non-metro
3033,VA ,Low,Metro
3034,WA ,High,Non-metro
3035,WA ,Low-Mod,Metro
3036,WA ,Mod-High,Metro
3037,WA ,Mod-High,Metro
3038,WA ,Mod-High,Non-metro
3039,WA ,Low-Mod,Metro
3040,WA ,Low-Mod,Metro
3041,WA ,High,Metro
3042,WA ,High,Metro
3043,WA ,High,Non-metro
3044,WA ,High,Metro
3045,WA ,Low,Non-metro
3046,WA ,High,Non-metro
3047,WA ,High,Non-metro
3048,WA ,Low,Non-metro
3049,WA ,Low,Non-metro
3050,WA ,Low-Mod,Metro
3051,WA ,Low-Mod,Metro
3052,WA ,Low-Mod,Non-metro
3053,WA ,Mod-High,Non-metro
3054,WA ,High,Non-metro
3055,WA ,Low,Non-metro
3056,WA ,Mod-High,Non-metro
3057,WA ,High,Non-metro
3058,WA ,Mod-High,Non-metro
3059,WA ,Mod-High,Metro
3060,WA ,Low-Mod,Metro
3061,WA ,Low,Non-metro
3062,WA ,Mod-High,Metro
3063,WA ,Low,Metro
3064,WA ,Low-Mod,Metro
3065,WA ,Low-Mod,Metro
3066,WA ,Low-Mod,Metro
3067,WA ,Low-Mod,Metro
3068,WA ,Low,Non-metro
3069,WA ,Mod-High,Metro
3070,WA ,Low-Mod,Metro
3071,WA ,Mod-High,Non-metro
3072,WA ,High,Metro
3073,WV ,Mod-High,Non-metro
3074,WV ,Low-Mod,Metro
3075,WV ,Mod-High,Metro
3076,WV ,Mod-High,Non-metro
3077,WV ,Low-Mod,Metro
3078,WV ,Mod-High,Metro
3079,WV ,Mod-High,Non-metro
3080,WV ,Mod-High,Metro
3081,WV ,Low-Mod,Non-metro
3082,WV ,High,Metro
3083,WV ,High,Non-metro
3084,WV ,Low-Mod,Non-metro
3085,WV ,Mod-High,Non-metro
3086,WV ,Mod-High,Metro
3087,WV ,Low-Mod,Metro
3088,WV ,Low-Mod,Non-metro
3089,WV ,Low-Mod,Non-metro
3090,WV ,Low-Mod,Non-metro
3091,WV ,Low,Metro
3092,WV ,Mod-High,Metro
3093,WV ,Mod-High,Non-metro
3094,WV ,Mod-High,Metro
3095,WV ,Mod-High,Non-metro
3096,WV ,Low-Mod,Non-metro
3097,WV ,Low,Metro
3098,WV ,Mod-High,Non-metro
3099,WV ,High,Non-metro
3100,WV ,High,Non-metro
3101,WV ,Mod-High,Metro
3102,WV ,High,Non-metro
3103,WV ,Low-Mod,Metro
3104,WV ,Low-Mod,Non-metro
3105,WV ,Low,Non-metro
3106,WV ,Mod-High,Non-metro
3107,WV ,Low-Mod,Metro
3108,WV ,Low-Mod,Non-metro
3109,WV ,Low-Mod,Non-metro
3110,WV ,Low-Mod,Non-metro
3111,WV ,Mod-High,Metro
3112,WV ,Low,Metro
3113,WV ,High,Metro
3114,WV ,Mod-High,Non-metro
3115,WV ,Low-Mod,Non-metro
3116,WV ,Mod-High,Non-metro
3117,WV ,High,Non-metro
3118,WV ,Low-Mod,Non-metro
3119,WV ,Low-Mod,Non-metro
3120,WV ,Low,Non-metro
3121,WV ,Mod-High,Non-metro
3122,WV ,Mod-High,Metro
3123,WV ,Mod-High,Non-metro
3124,WV ,Low-Mod,Non-metro
3125,WV ,Low-Mod,Metro
3126,WV ,Low-Mod,Metro
3127,WV ,Mod-High,Non-metro
3128,WI ,Mod-High,Non-metro
3129,WI ,Mod-High,Non-metro
3130,WI ,Low-Mod,Non-metro
3131,WI ,Low,Non-metro
3132,WI ,Low-Mod,Metro
3133,WI ,Low,Non-metro
3134,WI ,Low,Non-metro
3135,WI ,Low,Metro
3136,WI ,Low,Metro
3137,WI ,Mod-High,Non-metro
3138,WI ,Low,Metro
3139,WI ,Low-Mod,Non-metro
3140,WI ,Low,Metro
3141,WI ,Low,Non-metro
3142,WI ,Low,Non-metro
3143,WI ,Low-Mod,Metro
3144,WI ,Low,Non-metro
3145,WI ,Low,Metro
3146,WI ,Low,Non-metro
3147,WI ,Low,Metro
3148,WI ,Mod-High,Non-metro
3149,WI ,Low,Non-metro
3150,WI ,Low,Metro
3151,WI ,Low-Mod,Non-metro
3152,WI ,Low,Metro
3153,WI ,Low-Mod,Non-metro
3154,WI ,Mod-High,Non-metro
3155,WI ,Low,Non-metro
3156,WI ,Low-Mod,Non-metro
3157,WI ,Mod-High,Metro
3158,WI ,Low,Metro
3159,WI ,Low,Metro
3160,WI ,Low,Non-metro
3161,WI ,Low-Mod,Non-metro
3162,WI ,Low,Non-metro
3163,WI ,Low,Non-metro
3164,WI ,Low,Metro
3165,WI ,Low-Mod,Non-metro
3166,WI ,Low-Mod,Non-metro
3167,WI ,High,Non-metro
3168,WI ,High,Metro
3169,WI ,Low-Mod,Non-metro
3170,WI ,Low,Metro
3171,WI ,Low,Non-metro
3172,WI ,Low,Metro
3173,WI ,Low,Metro
3174,WI ,Low,Non-metro
3175,WI ,Low,Metro
3176,WI ,Low,Non-metro
3177,WI ,Low,Non-metro
3178,WI ,Low,Non-metro
3179,WI ,Low-Mod,Metro
3180,WI ,Low-Mod,Non-metro
3181,WI ,Low-Mod,Metro
3182,WI ,Low-Mod,Non-metro
3183,WI ,Low,Non-metro
3184,WI ,Low-Mod,Non-metro
3185,WI ,Low,Non-metro
3186,WI ,Low,Metro
3187,WI ,Low,Metro
3188,WI ,Low,Non-metro
3189,WI ,Low-Mod,Non-metro
3190,WI ,Low-Mod,Non-metro
3191,WI ,Low,Non-metro
3192,WI ,Low-Mod,Non-metro
3193,WI ,Low,Non-metro
3194,WI ,Low,Metro
3195,WI ,Low,Metro
3196,WI ,Low,Non-metro
3197,WI ,Low-Mod,Non-metro
3198,WI ,Low,Metro
3199,WI ,Low,Non-metro
3200,WY ,Low,Non-metro
3201,WY ,Low-Mod,Non-metro
3202,WY ,Low-Mod,Non-metro
3203,WY ,Mod-High,Non-metro
3204,WY ,Low,Non-metro
3205,WY ,Low,Non-metro
3206,WY ,Mod-High,Non-metro
3207,WY ,Low-Mod,Non-metro
3208,WY ,Low,Non-metro
3209,WY ,Low,Non-metro
3210,WY ,Low-Mod,Metro
3211,WY ,Low,Non-metro
3212,WY ,Low-Mod,Metro
3213,WY ,Low-Mod,Non-metro
3214,WY ,Low,Non-metro
3215,WY ,Low,Non-metro
3216,WY ,Low,Non-metro
3217,WY ,Low,Non-metro
3218,WY ,Low-Mod,Non-metro
3219,WY ,Low,Non-metro
3220,WY ,Low-Mod,Non-metro
3221,WY ,Low-Mod,Non-metro
3222,WY ,Low-Mod,Non-metro
